Name,Brief Description,Proximity,FullAddress,Street Address,City,State,Zip Code,Phone Number,Web Site,Hours of Operation,Intake,Fee,Features,Detailed Description,Eligibility,Application Procedure,Required Documents,Age Restriction,Languages,lat,lng
115th Street Library,Manhattan branch of the New York Public Library system.,,"203 West 115th Street, NEW YORK, NY, 10026",203 West 115th Street,NEW YORK,NY,10026,(212) 666-9393,http://www.nypl.org,Mon: 12:00 PM - 7:00 PM; Tue: 11:00 AM - 6:00 PM; Wed: 12:00 PM - 7:00 PM; Thu: 11:00 AM - 6:00 PM; Fri - Sat: 10:00 AM - 5:00 PM,,,"Early Childhood Discussions, English Classes",,,,,,,40.802893,-73.953591
125th Street Library,Manhattan branch of the New York Public Library system.,,"224 East 125th Street, NEW YORK, NY, 10035",224 East 125th Street,NEW YORK,NY,10035,(212) 534-5050,http://www.nypl.org,Mon: 11:00 AM - 6:00 PM; Tue: 12:00 PM - 7:00 PM; Wed: 11:00 AM - 6:00 PM; Thu: 12:00 PM - 7:00 PM; Fri - Sat: 10:00 AM - 5:00 PM,,,"Early Childhood Discussions, English Classes",,,,,,,40.802994,-73.934849
58th Street Library,Manhattan branch of the New York Public Library system.,,"127 East 58th Street, NEW YORK, NY, 10022",127 East 58th Street,NEW YORK,NY,10022,(212) 759-7358,http://www.nypl.org,Mon: 11:00 AM - 7:00 PM; Tue: 10:00 AM - 6:00 PM; Wed: 11:00 AM - 7:00 PM; Thu: 10:00 AM - 6:00 PM; Fri: 10:00 AM - 5:00 PM; Sat: 10:00 AM - 5:00 PM,,,"Computers, Senior Programs",,,,,,,40.761984,-73.969103
67th Street Library,Manhattan branch of the New York Public Library system.,,"328 East 67th Street, NEW YORK, NY, 10065",328 East 67th Street,NEW YORK,NY,10065,(212) 734-1717,http://www.nypl.org,Mon: 11:00 AM - 6:00 PM; Tue: 12:00 PM - 7:00 PM; Wed: 11:00 AM - 6:00 PM; Thu: 12:00 PM - 7:00 PM; Fri: 10:00 AM - 5:00 PM; Sat: 10:00 AM - 5:00 PM,,,"Adult Literacy, Early Childhood Discussions, Senior Programs",,,,,,,40.765,-73.959488
96th Street Library,Manhattan branch of the New York Public Library system.,,"112 East 96th Street, NEW YORK, NY, 10128",112 East 96th Street,NEW YORK,NY,10128,(212) 289-0908,http://www.nypl.org,Mon - Thu: 10:00 AM - 7:00 PM; Fri - Sat: 10:00 AM - 5:00 PM,,,"Computers, Early Childhood Discussions, Poetry Readings, Senior Programs",,,,,,,40.786039,-73.951748
Adult Learning Center Library,The Queens Library Adult Learner Program has six Adult Learning Centers and about 50 English classes each semester to serve the borough.,,"91-14 Merrick Boulevard, JAMAICA, NY, 11432",91-14 Merrick Boulevard,JAMAICA,NY,11432,(718) 480-4222,http://www.queenslibrary.org,"Mon: 10:00 AM - 8:30 PM; Tue: 1:00 PM - 8:30 PM; Wed - Thu: 10:00 AM - 8:30 PM; Fri: 1:00 PM - 5:30 PM; Sat: 10:00 AM - 1:00 PM, 2:00 PM - 5:00 PM",,,"Adult Literacy, Computers, English Classes",,,,,,,40.706109,-73.794306
Aguilar Center for Reading and Writing Library,Manhattan branch of the New York Public Library system.,,"174 East 110th Street, NEW YORK, NY, 10029",174 East 110th Street,NEW YORK,NY,10029,(212) 534-1613,http://www.nypl.org,Mon: 1:00 PM - 6:00 PM; Tue: 12:00 PM - 6:00 PM; Wed: 1:00 PM - 6:00 PM; Thu: 12:00 PM - 6:00 PM; Sat: 1:00 PM - 5:00 PM,,,"Adult Literacy, Computers",,,,,,,40.794116,-73.943491
Aguilar Library,Manhattan branch of the New York Public Library system.,,"174 East 110th Street, NEW YORK, NY, 10029",174 East 110th Street,NEW YORK,NY,10029,(212) 534-2930,http://www.nypl.org,Mon: 11:00 AM - 6:00 PM; Tue: 11:00 AM - 7:00 PM; Wed: 11:00 AM - 6:00 PM; Thu: 11:00 AM - 7:00 PM; Fri - Sat: 10:00 AM - 5:00 PM,,,"Adult Literacy, Computers, Early Childhood Discussions",,,,,,,40.794116,-73.943491
Allerton Library,Bronx branch of the New York Public Library system.,,"2740 Barnes Avenue, BRONX, NY, 10467",2740 Barnes Avenue,BRONX,NY,10467,(718) 881-4240,http://www.nypl.org,Mon - Thu: 10:00 AM - 7:00 PM; Fri - Sat: 10:00 AM - 5:00 PM,,,"Early Childhood Discussions, Senior Programs",,,,,,,40.866832,-73.86333
Andrew Heiskell Braille and Talking Book Library,Manhattan - central branch of the New York Public Library system.,,"40 West 20th Street, NEW YORK, NY, 10011",40 West 20th Street,NEW YORK,NY,10011,(212) 206-5400,http://www.nypl.org,Mon: 10:00 AM - 5:00 PM; Tue: 12:00 PM - 7:00 PM; Wed: 10:00 AM - 5:00 PM; Thu: 12:00 PM - 7:00 PM; Fri - Sat: 10:00 AM - 5:00 PM,,,"Computers, Early Childhood Discussions, Senior Programs",,,,,,,40.740505,-73.993319
Arlington Library,Arlington branch of the Brooklyn Public Library system.,,"203 Arlington Avenue, BROOKLYN, NY, 11207",203 Arlington Avenue,BROOKLYN,NY,11207,(718) 277-6105,http://www.brooklynpubliclibrary.org,Mon - Tue: 10:00 AM - 6:00 PM; Wed: 1:00 PM - 8:00 PM; Thu: 10:00 AM - 8:00 PM; Fri: 10:00 AM - 6:00 PM; Sat: 10:00 AM - 5:00 PM,,,"Adult Literacy, Computers",,,,,,,40.680631,-73.887231
Arverne Library,"The Queens Public Library provides all residents of Queens with access to books, research, and other materials and programs. ",,"312 Beach 54 Street, ARVERNE, NY, 11692",312 Beach 54 Street,ARVERNE,NY,11692,(718) 634-4784,http://www.queenslibrary.org,Mon: 12:00 PM - 8:00 PM; Tue: 1:00 PM - 6:00 PM; Wed: 10:00 AM - 6:00 PM; Thu: 12:00 PM - 8:00 PM; Fri: 10:00 AM - 6:00 PM; Sat: 10:00 AM - 5:00 PM,,,"Computers, Early Childhood Discussions, English Classes, Poetry Readings, Senior Programs",,,,,,,40.593119,-73.784068
Astoria Library,"The Queens Public Library provides all residents of Queens with access to books, research, and other materials and programs.",,"14-01 Astoria Boulevard, ASTORIA, NY, 11102",14-01 Astoria Boulevard,ASTORIA,NY,11102,(718) 278-2220,http://www.queenslibrary.org,Mon: 12:00 PM - 8:00 PM; Tue: 1:00 PM - 6:00 PM; Wed: 10:00 AM - 6:00 PM; Thu: 12:00 PM - 8:00 PM; Fri: 10:00 AM - 6:00 PM; Sat: 10:00 AM - 5:00 PM,,,"Computers, Early Childhood Discussions, English Classes, Poetry Readings, Senior Programs",,,,,,,40.772321,-73.928697
Auburndale Library,"The Queens Public Library provides all residents of Queens with access to books, research, and other materials and programs. ",,"25-55 Francis Lewis Boulevard, FLUSHING, NY, 11358",25-55 Francis Lewis Boulevard,FLUSHING,NY,11358,(718) 352-2027,http://www.queenslibrary.org,Mon: 12:00 PM - 8:00 PM; Tue: 1:00 PM - 6:00 PM; Wed: 10:00 AM - 6:00 PM; Thu: 1:00 PM - 8:00 PM; Fri: 10:00 AM - 6:00 PM; Sat: 10:00 AM - 5:00 PM,,,"Computers, Early Childhood Discussions, English Classes, Poetry Readings, Senior Programs",,,,,,,40.75559,-73.81188
Baisley Park Library,"The Queens Public Library provides all residents of Queens with access to books, research, and other materials and programs.",,"117-11 Sutphin Boulevard, JAMAICA, NY, 11436",117-11 Sutphin Boulevard,JAMAICA,NY,11436,(718) 529-1590,http://www.queenslibrary.org,Mon: 12:00 PM - 8:00 PM; Tue: 1:00 PM - 6:00 PM; Wed: 10:00 AM - 6:00 PM; Thu: 12:00 PM - 8:00 PM; Fri: 10:00 AM - 6:00 PM; Sat: 10:00 AM - 5:00 PM,,,"Computers, Early Childhood Discussions, English Classes, Poetry Readings, Senior Programs",,,,,,,40.699123,-73.807005
Battery Park Library,Manhattan branch of the New York Public Library system.,,"175 North End Avenue, NEW YORK, NY, 10282",175 North End Avenue,NEW YORK,NY,10282,(212) 790-3499,http://www.nypl.org,Mon: 10:00 AM - 6:00 PM; Tue: 12:00 AM - 8:00 PM; Wed: 10:00 AM - 6:00 PM; Thu: 12:00 PM - 8:00 PM; Fri - Sat: 10:00 AM - 5:00 PM,,,,,,,,,,40.715536,-74.015851
Bay Ridge Library,Bay Ridge branch of the Brooklyn Public Library system.,,"7223 Ridge Boulevard, BROOKLYN, NY, 11209",7223 Ridge Boulevard,BROOKLYN,NY,11209,(718) 748-5709,http://www.brooklynpubliclibrary.org,Mon - Tue: 10:00 AM - 6:00 PM; Wed: 10:00 AM - 8:00 PM; Thu: 1:00 PM - 8:00 PM; Fri: 10:00 AM - 6:00 PM; Sat: 10:00 AM - 5:00 PM,,,Computers,,,,,,,40.633636,-74.029651
Bay Terrace Library,"The Queens Public Library provides all residents of Queens with access to books, research, and other materials and programs.",,"18-36 Bell Boulevard, BAYSIDE, NY, 11360",18-36 Bell Boulevard,BAYSIDE,NY,11360,(718) 423-7004,http://www.queenslibrary.org,Mon: 12:00 PM - 8:00 PM; Tue: 1:00 PM - 6:00 PM; Wed: 10:00 AM - 6:00 PM; Thu: 12:00 PM - 8:00 PM; Fri: 10:00 AM - 6:00 PM; Sat: 10:00 AM - 5:00 PM,,,"Computers, Early Childhood Discussions, English Classes, Poetry Readings, Senior Programs",,,,,,,40.782591,-73.776868
Baychester Library,Bronx branch of the New York Public Library system.,,"2049 Asch Loop North, BRONX, NY, 10475",2049 Asch Loop North,BRONX,NY,10475,(718) 379-6700,http://www.nypl.org,Mon - Thu: 10:00 AM - 7:00 PM; Fri - Sat: 10:00 AM - 5:00 PM,,,"Computers, Early Childhood Discussions, Senior Programs",,,,,,,40.848783,-73.864416
Bayside Library,"The Queens Public Library provides all residents of Queens with access to books, research, and other materials and programs.",,"214-20 Northern Boulevard, BAYSIDE, NY, 11361",214-20 Northern Boulevard,BAYSIDE,NY,11361,(718) 229-1834,http://www.queenslibrary.org,Mon: 9:00 AM - 8:00 PM; Tue: 1:00 PM - 6:00 PM; Wed: 10:00 AM - 6:00 PM; Thu: 12:00 PM - 8:00 PM; Fri: 10:00 AM - 6:00 PM; Sat: 10:00 AM - 5:00 PM,,,"Computers, Early Childhood Discussions, English Classes, Poetry Readings, Senior Programs",,,,,,,40.760221,-73.768379
Bedford Learning Center Library,Bedford Learning Center branch of the Brooklyn Public Library system.,,"496 Franklin Avenue, BROOKLYN, NY, 11238",496 Franklin Avenue,BROOKLYN,NY,11238,(718) 623-2134,http://www.brooklynpubliclibrary.org,Mon: 1:00 PM - 8:00 PM; Tue: 10:00 AM - 5:00 PM; Wed: 1:00 PM - 8:00 PM; Thu: 10:00 AM - 5:00 PM; Sat: 10:00 AM - 2:00 PM,,,Computers,,,,,,,40.681831,-73.956021
Bedford Library,Bedford branch of the Brooklyn Public Library system. ,,"496 Franklin Avenue, BROOKLYN, NY, 11238",496 Franklin Avenue,BROOKLYN,NY,11238,(718) 623-0012,http://www.brooklynpubliclibrary.org,Mon - Tue: 10:00 AM - 6:00 PM; Wed: 1:00 PM - 8:00 PM; Thu: 10:00 AM - 8:00 PM; Fri: 10:00 AM - 6:00 PM; Sat: 10:00 AM - 5:00 PM,,,"Adult Literacy, Computers",,,,,,,40.681831,-73.956021
Bellerose Library,"The Queens Public Library provides all residents of Queens with access to books, research, and other materials and programs.",,"250-06 Hillside Avenue, BELLEROSE, NY, 11426",250-06 Hillside Avenue,BELLEROSE,NY,11426,(718) 831-8644,http://www.queenslibrary.org,Mon: 12:00 PM - 8:00 PM; Tue: 1:00 PM - 6:00 PM; Wed: 10:00 AM - 6:00 PM; Thu: 12:00 PM - 8:00 PM; Fri: 10:00 AM - 6:00 PM; Sat: 10:00 AM - 5:00 PM,,,"Computers, Early Childhood Discussions, English Classes, Poetry Readings, Senior Programs",,,,,,,40.737396,-73.725798
Belmont Library,Bronx branch of the New York Public Library system.,,"610 East 186th Street, BRONX, NY, 10458",610 East 186th Street,BRONX,NY,10458,(718) 933-6410,http://www.nypl.org,Mon - Thu: 10:00 AM - 7:00 PM; Fri - Sat: 10:00 AM - 5:00 PM,,,"Early Childhood Discussions, English Classes, Senior Programs",,,,,,,40.854458,-73.887815
Bloomingdale Library,Manhattan branch of the New York Public Library system.,,"150 West 100th Street, NEW YORK, NY, 10025",150 West 100th Street,NEW YORK,NY,10025,(212) 222-8030,http://www.nypl.org,Mon - Tue: 10:00 AM - 6:00 PM; Wed - Thu: 12:00 PM - 7:00 PM; Fri - Sat: 10:00 AM - 5:00 PM,,,"Early Childhood Discussions, Poetry Readings, Senior Programs",,,,,,,40.795887,-73.967511
Borough Park Library,Borough Park branch of the Brooklyn Public Library system.,,"1265 43rd Street, BROOKLYN, NY, 11219",1265 43rd Street,BROOKLYN,NY,11219,(718) 437-4085,http://www.brooklynpubliclibrary.org,Mon: 10:00 AM - 6:00 PM; Tue: 10:00 AM - 8:00 PM; Wed: 10:00 AM - 6:00 PM; Thu: 10:00 AM - 8:00 PM; Fri: 10:00 AM - 6:00 PM; Sun: 1:00 PM - 5:00 PM,,,"Adult Literacy, Computers, Early Childhood Discussions",,,,,,,40.638846,-73.989007
Briarwood Library,"The Queens Public Library provides all residents of Queens with access to books, research, and other materials and programs.",,"85-12 Main Street, JAMAICA, NY, 11435",85-12 Main Street,JAMAICA,NY,11435,(718) 658-1680,http://www.queenslibrary.org,Mon: 12:00 PM - 8:00 PM; Tue: 1:00 PM - 6:00 PM; Wed: 10:00 AM - 6:00 PM; Thu: 12:00 PM - 8:00 PM; Fri: 10:00 AM - 6:00 PM; Sat: 10:00 AM - 5:00 PM,,,"Computers, Early Childhood Discussions, English Classes, Poetry Readings, Senior Programs",,,,,,,40.70009,-73.795405
Brighton Beach Library,Brighton Beach branch of the Brooklyn Public Library system. ,,"16 Brighton 1st Road, BROOKLYN, NY, 11235",16 Brighton 1st Road,BROOKLYN,NY,11235,(718) 946-2917,http://www.brooklynpubliclibrary.org,Mon: 10:00 AM - 6:00 PM; Tue: 10:00 AM - 8:00 PM; Wed - Thu: 10:00 AM - 8:00 PM; Fri: 10:00 AM - 6:00 PM; Sat: 10:00 AM - 5:00 PM,,,"Adult Literacy, Computers, Early Childhood Discussions",,,,,,,40.576195,-73.966613
Broad Channel Library,"The Queens Public Library provides all residents of Queens with access to books, research, and other materials and programs.",,"16-26 Cross Bay Boulevard, FAR ROCKAWAY, NY, 11693",16-26 Cross Bay Boulevard,FAR ROCKAWAY,NY,11693,(718) 318-4943,http://www.queenslibrary.org,Mon: 12:00 PM - 8:00 PM; Tue: 1:00 PM - 6:00 PM; Wed: 10:00 AM - 6:00 PM; Thu: 12:00 PM - 8:00 PM; Fri: 10:00 AM - 6:00 PM; Sat: 10:00 AM - 5:00 PM,,,"Computers, Early Childhood Discussions, English Classes, Poetry Readings, Senior Programs",,,,,,,40.599546,-73.750523
Broadway Library,"The Queens Public Library provides all residents of Queens with access to books, research, and other materials and programs.",,"40-20 Broadway, ASTORIA, NY, 11103",40-20 Broadway,ASTORIA,NY,11103,(718) 721-2462,http://www.queenslibrary.org,Mon: 9:00 AM - 8:00 PM; Tue: 1:00 PM - 6:00 PM; Wed: 10:00 AM - 6:00 PM; Thu: 12:00 PM - 8:00 PM; Fri: 10:00 AM - 6:00 PM; Sat: 10:00 AM - 5:00 PM,,,"Computers, Early Childhood Discussions, English Classes, Poetry Readings, Senior Programs",,,,,,,40.769683,-73.915433
Bronx Library Center,Bronx branch of the New York Public Library. ,,"310 East Kingsbridge Road, BRONX, NY, 10458",310 East Kingsbridge Road,BRONX,NY,10458,(718) 579-4244,http://www.nypl.org,Mon - Sat: 9:00 AM - 9:00 PM; Sun: 12:00 PM - 6:00 PM,,,"Computers, English Classes",,,,,,,40.862978,-73.894394
Brooklyn Heights Library,Brooklyn Heights branch of the Brooklyn Public Library system.,,"280 Cadman Plaza West, BROOKLYN, NY, 11201",280 Cadman Plaza West,BROOKLYN,NY,11201,(718) 623-7100,http://www.brooklynpubliclibrary.org,Mon: 10:00 AM - 6:00 PM; Tue - Wed: 10:00 AM - 8:00 PM; Thu: 10:00 AM - 8:00 PM; Fri: 10:00 AM - 6:00 PM; Sat: 10:00 AM - 5:00 PM,,,Computers,,,,,,,40.695673,-73.991223
Brower Park Library,Brower Park branch of the Brooklyn Public Library system.,,"725 Saint Marks Avenue, BROOKLYN, NY, 11216",725 Saint Marks Avenue,BROOKLYN,NY,11216,(718) 773-7208,http://www.brooklynpubliclibrary.org,Mon - Tue: 10:00 AM - 6:00 PM; Wed: 10:00 AM - 8:00 PM; Thu: 1:00 PM - 8:00 PM; Fri: 10:00 AM - 6:00 PM; Sat: 10:00 AM - 5:00 PM,,,Computers,,,,,,,40.675344,-73.948543
Brownsville Library,Brownsville branch of the Brooklyn Public Library system.,,"61 Glenmore Avenue, BROOKLYN, NY, 11212",61 Glenmore Avenue,BROOKLYN,NY,11212,(718) 498-9721,http://www.brooklynpubliclibrary.org,Mon: 10:00 AM - 6:00 PM; Tue: 1:00 PM - 8:00 PM; Wed: 10:00 AM - 8:00 PM; Thu - Fri: 10:00 AM - 6:00 PM; Sat: 10:00 AM - 5:00 PM,,,Computers,,,,,,,40.67145,-73.90858
Bushwick Library,Bushwick branch of the Brooklyn Public Library system.,,"340 Bushwick Avenue, BROOKLYN, NY, 11206",340 Bushwick Avenue,BROOKLYN,NY,11206,(718) 602-1348,http://www.brooklynpubliclibrary.org,Mon - Tue: 10:00 AM - 6:00 PM; Wed; 10:00 AM - 8:00 PM; Thu: 1:00 PM - 8:00 PM; Fri: 10:00 AM - 6:00 PM; Sat: 10:00 AM - 5:00 PM,,,Computers,,,,,,,40.704573,-73.939546
Business Library - Brooklyn Public Library,Business Library branch of the Brooklyn Public Library system.,,"280 Cadman Plaza West, BROOKLYN, NY, 11201",280 Cadman Plaza West,BROOKLYN,NY,11201,(718) 623-7000,http://www.brooklynpubliclibrary.org,Mon: 10:00 AM - 6:00 PM; Tue - Thu: 10:00 AM - 8:00 PM; Fri: 10:00 AM - 6:00 PM; Sat: 10:00 AM - 5:00 PM,,,,,,,,,,40.695673,-73.991223
Cambria Heights Library,"The Queens Public Library provides all residents of Queens with access to books, research, and other materials and programs.",,"218-13 Linden Boulevard, CAMBRIA HEIGHTS, NY, 11411",218-13 Linden Boulevard,CAMBRIA HEIGHTS,NY,11411,(718) 528-3535,http://www.queenslibrary.org,Mon: 9:00 AM - 8:00 PM; Tue: 1:00 PM - 6:00 PM; Wed: 10:00 AM - 6:00 PM; Thu: 12:00 PM - 8:00 PM; Fri: 10:00 AM - 6:00 PM; Sat: 10:00 AM - 5:00 PM,,,"Computers, Early Childhood Discussions, English Classes, Poetry Readings, Senior Programs",,,,,,,40.69289,-73.736383
Canarsie Library,Canarsie branch of the Brooklyn Public Library system.,,"1580 Rockaway Parkway, BROOKLYN, NY, 11236",1580 Rockaway Parkway,BROOKLYN,NY,11236,(718) 257-6547,http://www.brooklynpubliclibrary.org,Mon: 10:00 AM - 6:00 PM; Tue -Thu: 10:00 AM - 6:00 PM; Fri: 10:00 AM - 6:00 PM; Sat: 10:00 AM - 5:00 PM,,,Computers,,,,,,,40.642263,-73.899443
Carroll Gardens Library,Carroll Gardens branch of the Brooklyn Public Library system.,,"396 Clinton Street, BROOKLYN, NY, 11231",396 Clinton Street,BROOKLYN,NY,11231,(718) 596-6972,http://www.brooklynpubliclibrary.org,Mon: 10:00 AM - 6:00 PM; Tue: 10:00 AM - 8:00 PM; Wed: 1:00 PM - 8:00 PM; Thu - Fri: 10:00 PM - 6:00 PM; Sat: 10:00 AM - 5:00 PM,,,"Computers, Early Childhood Discussions",,,,,,,40.683186,-73.997921
Castle Hill Library,Bronx branch of the New York Public Library system.,,"947 Castle Hill Avenue, BRONX, NY, 10473",947 Castle Hill Avenue,BRONX,NY,10473,(718) 824-3838,http://www.nypl.org,Mon - Thu: 10:00 AM - 7:00 PM; Fri - Sat: 10:00 AM - 5:00 PM,,,"Computers, Early Childhood Discussions, Senior Programs",,,,,,,40.826591,-73.850032
Chatham Square Library,Manhattan branch of the New York Public Library system.,,"33 East Broadway, NEW YORK, NY, 10002",33 East Broadway,NEW YORK,NY,10002,(212) 964-6598,http://www.nypl.org,Mon - Thu: 10:00 AM - 7:00 PM; Fri - Sat: 10:00 AM - 5:00 PM,,,"Computers, Early Childhood Discussions, English Classes, Poetry Readings, Senior Programs",,,,,,,40.713416,-73.996501
City Island Library,Bronx branch of the New York Public Library system.,,"320 City Island Avenue, BRONX, NY, 10464",320 City Island Avenue,BRONX,NY,10464,(718) 885-1703,http://www.nypl.org,Mon: 11:00 AM - 7:00 PM; Tue - Wed: 11:00 AM - 6:00 PM; Thu: 11:00 AM - 7:00 PM; Fri - Sat: 10:00 AM - 5:00 PM,,,Early Childhood Discussions,,,,,,,40.847805,-73.786531
Clarendon Library,Clarendon branch of the Brooklyn Public Library system.,,"2035 Nostrand Avenue, BROOKLYN, NY, 11210",2035 Nostrand Avenue,BROOKLYN,NY,11210,(718) 421-1159,http://www.brooklynpubliclibrary.org,Mon: 10:00 AM - 6:00 PM; Tue: 1:00 PM - 8:00 PM; Wed: 10:00 AM - 6:00 PM; Thu: 10:00 AM - 6:00 PM; Fri: 10:00 AM - 6:00 PM; Sat: 10:00 AM - 5:00 PM,,,Computers,,,,,,,40.63566,-73.947782
Clason's Point Library,Bronx branch of the New York Public Library system. ,,"1215 Morrison Avenue, BRONX, NY, 10472",1215 Morrison Avenue,BRONX,NY,10472,(718) 842-1235,http://www.nypl.org,Mon - Thu: 10:00 AM - 7:00 PM; Fri - Sat: 10:00 AM - 5:00 PM,,,Early Childhood Discussions,,,,,,,40.830014,-73.874864
Clinton Hill Library,Clinton Hill branch of the Brooklyn Public Library system.,,"380 Washington Avenue, BROOKLYN, NY, 11238",380 Washington Avenue,BROOKLYN,NY,11238,(718) 398-8713,http://www.brooklynpubliclibrary.org,Mon: 10:00 AM - 6:00 PM; Tue: 10:00 AM - 8:00 PM; Wed: 1:00 PM - 8:00 PM; Thu - Fri: 10:00 AM - 6:00 PM; Sat: 10:00 AM - 5:00 PM,,,"Computers, Early Childhood Discussions",,,,,,,40.687401,-73.965943
Columbus Library,Manhattan branch of the New York Public Library system. ,,"742 10th Avenue, NEW YORK, NY, 10019",742 10th Avenue,NEW YORK,NY,10019,(212) 586-5098,http://www.nypl.org,Mon: 11:00 AM - 8:00 PM; Tue: 11:00 AM - 6:00 PM; Wed: 11:00 AM - 8:00 PM; Thu: 11:00 AM - 6:00 PM; Fri - Sat: 10:00 AM - 5:00 PM,,,,,,,,,,40.764918,-73.991151
Coney Island Learning Center Library,Coney Island Learning Center branch of the Brooklyn Public Library system. ,,"1901 Mermaid Avenue, BROOKLYN, NY, 11224",1901 Mermaid Avenue,BROOKLYN,NY,11224,(718) 265-3880,http://www.brooklynpubliclibrary.org,Mon: 1:00 PM - 8:00 PM; Tue: 10:00 AM - 3:00 PM; Wed: 1:00 PM - 8:00 PM; Thu: 10:00 AM - 3:00 PM; Fri:closed; Sat: 10:00 AM - 2:00 PM; Sun: closed,,,"Adult Literacy, Computers",,,,,,,40.576617,-73.986057
Coney Island Library,Coney Island branch of the Brooklyn Public Library system.  ,,"1901 Mermaid Avenue, BROOKLYN, NY, 11224",1901 Mermaid Avenue,BROOKLYN,NY,11224,(718) 265-3220,http://www.brooklynpubliclibrary.org,Mon - Tue: 10:00 AM - 6:00 PM; Wed: 1:00 PM - 8:00 PM; Thu: 10:00 AM - 8:00 PM; Fri: 10:00 AM - 6:00 PM; Sat: 10:00 AM - 5:00 PM,,,Computers,,,,,,,40.576617,-73.986057
Corona Library,"The Queens Public Library provides all residents of Queens with access to books, research, and other materials and programs.",,"38-23 104th Street, CORONA, NY, 11368",38-23 104th Street,CORONA,NY,11368,(718) 426-2844,http://www.queenslibrary.org,Mon: 12:00 PM - 8:00 PM; Tue: 1:00 PM - 6:00 PM; Wed: 10:00 AM - 6:00 PM; Thu: 12:00 PM - 8:00 PM; Fri: 10:00 AM - 6:00 PM; Sat: 10:00 AM - 5:00 PM,,,"Computers, Early Childhood Discussions, English Classes, Poetry Readings, Senior Programs",,,,,,,40.750865,-73.861991
Cortelyou Library,Cortelyou branch of the Brooklyn Public Library system.,,"1305 Cortelyou Road, BROOKLYN, NY, 11226",1305 Cortelyou Road,BROOKLYN,NY,11226,(718) 693-7763,http://www.brooklynpubliclibrary.org,Mon: 10:00 AM - 6:00 PM; Tue: 1:00 PM - 8:00 PM; Wed: 10:00 AM - 8:00 PM; Thu - Fri: 10:00 AM - 6:00 PM; Sat: 10:00 AM - 5:00 PM,,,Computers,,,,,,,40.640703,-73.965895
Countee Cullen Library,Manhattan branch of the New York Public Library system.,,"104 West 136th Street, NEW YORK, NY, 10030",104 West 136th Street,NEW YORK,NY,10030,(212) 491-2070,http://www.nypl.org,Mon - Thu: 10:00 AM - 8:00 PM; Fri - Sat: 10:00 AM - 5:00 PM,,,"Adult Literacy, Early Childhood Discussions, Senior Programs",,,,,,,40.814963,-73.941063
Court Square Library,"The Queens Public Library provides all residents of Queens with access to books, research, and other materials and programs.",,"25-01 Jackson Avenue, LONG ISLAND CITY, NY, 11101",25-01 Jackson Avenue,LONG ISLAND CITY,NY,11101,(718) 937-2790,http://www.queenslibrary.org,Mon: 12:00 PM - 7:00 PM; Tue: 1:00 PM - 6:00 PM; Wed: 10:00 AM - 6:00 PM; Thu: 12:00 PM - 7:00 PM; Fri: 10:00 AM - 6:00 PM;,,,"Computers, Early Childhood Discussions, English Classes, Poetry Readings, Senior Programs",,,,,,,40.753453,-73.9364
Crown Heights Library,Crown Heights branch of the Brooklyn Public Library system.,,"560 New York Avenue, BROOKLYN, NY, 11225",560 New York Avenue,BROOKLYN,NY,11225,(718) 773-1180,http://www.brooklynpubliclibrary.org,Mon: 10:00 AM - 6:00 PM; Tue: 1:00 PM - 8:00 PM; Wed: 10:00 AM - 8:00 PM; Thu - Fri: 10:00 AM - 6:00 PM; Sat: 10:00 AM - 5:00 PM,,,Computers,,,,,,,40.661212,-73.947939
Cypress Hills Library,Cypress Hills branch of the Brooklyn Public Library system.,,"1197 Sutter Avenue, BROOKLYN, NY, 11208",1197 Sutter Avenue,BROOKLYN,NY,11208,(718) 277-6004,http://www.brooklynpubliclibrary.org,Mon: 10:00 AM - 6:00 PM; Tue: 1:00 PM - 8:00 PM; Wed: 10;00 AM - 8:00 PM; Thu - Fri: 10:00 AM - 6:00 PM; Sat: 10:00 AM - 5:00 PM,,,Computers,,,,,,,40.672603,-73.87401
DeKalb Library,DeKalb branch of the Brooklyn Public Library system.,,"790 Bushwick Avenue, BROOKLYN, NY, 11221",790 Bushwick Avenue,BROOKLYN,NY,11221,(718) 455-3898,http://www.brooklynpubliclibrary.org,Mon: 10:00 AM - 6:00 PM; Tue: 10:00 AM - 8:00 PM; Wed: 1:00 PM - 8:00 PM; Thu - Fri: 10:00 AM - 6:00 PM; Sat: 10:00 AM - 5:00 PM,,,"Adult Literacy, Computers",,,,,,,40.694877,-73.928342
Dongan Hills Library,Staten Island branch of the New York Public Library system. ,,"1617 Richmond Road, STATEN ISLAND, NY, 10304",1617 Richmond Road,STATEN ISLAND,NY,10304,(718) 351-1444,http://www.nypl.org,Mon - Thu: 11:00 PM - 7:00 PM; Fri - Sat: 10:00 AM - 5:00 PM,,,"Early Childhood Discussions, English Classes, Poetry Readings, Senior Programs",,,,,,,40.590398,-74.101039
Donnell Library Center,Manhattan - Central Branch  of the New York Public Library system.,,"20 West 53rd Street, NEW YORK, NY, 10019",20 West 53rd Street,NEW YORK,NY,10019,,http://www.nypl.org,"As of August 30, 2008, this library is closed.",,,"Computers, Early Childhood Discussions, Poetry Readings, Senior Programs",,,,,,,40.760796,-73.977458
Douglaston-Little Neck Library,"The Queens Public Library provides all residents of Queens with access to books, research, and other materials and programs.",,"249-01 Northern Boulevard, LITTLE NECK, NY, 11363",249-01 Northern Boulevard,LITTLE NECK,NY,11363,(718) 225-8414,http://www.queenslibrary.org,Mon: 12:00 PM - 8:00 PM; Tue: 1:00 PM - 6:00 PM; Wed: 10:00 AM - 6:00 PM; Thu: 12:00 PM - 8:00 PM; Fri: 10:00 AM - 6:00 PM; Sat: 10:00 AM - 5:00 PM,,,"Computers, Early Childhood Discussions, English Classes, Poetry Readings, Senior Programs",,,,,,,40.768311,-73.731915
Dycker Library,Dyker branch of the Brooklyn Public Library system.,,"8202 13th Avenue, BROOKLYN, NY, 11228",8202 13th Avenue,BROOKLYN,NY,11228,(718) 748-6261,http://www.brooklynpubliclibrary.org,Mon: 10:00 AM - 6:00 PM; Tue: 10:00 AM - 8:00 PM; Wed: 10:00 AM - 6:00 PM; Thu: 10:00 AM - 8:00 PM; Fri: 10:00 AM - 6:00 PM; Sat: 10:00 AM - 5:00 PM,,,Computers,,,,,,,40.616293,-74.012016
Early Childhood Resource and Information Center Library,Manhattan branch of the New York Public Library system.,,"66 Leroy Street, NEW YORK, NY, 10014",66 Leroy Street,NEW YORK,NY,10014,(212) 929-0815,http://www.nypl.org,Mon: 10:00 AM - 6:00 PM; Tue: 12:00 PM - 8:00 PM; Wed: 10:00 AM - 6:00 PM; Thu: 12:00 PM - 8:00 PM; Fri: 1:00 PM - 5:00 PM; Sat: 1:00 PM - 5:00 PM,,,Early Childhood Discussions,,,,,,,40.730052,-74.005321
East Elmhurst Library,"The Queens Public Library provides all residents of Queens with access to books, research, and other materials and programs.",,"95-06 Astoria Boulevard, EAST ELMHURST, NY, 11369",95-06 Astoria Boulevard,EAST ELMHURST,NY,11369,(718) 424-2619,http://www.queenslibrary.org,Mon: 12:00 PM - 8:00 PM; Tue: 1:00 PM - 6:00 PM; Wed: 10:00 AM - 6:00 PM; Thu: 12:00 PM - 8:00 PM; Fri: 10:00 AM - 6:00 PM; Sat: 10:00 AM - 5:00 PM,,,"Computers, Early Childhood Discussions, English Classes, Poetry Readings, Senior Programs",,,,,,,40.762775,-73.870276
East Flatbush Library,East Flatbush branch of the Brooklyn Public Library system.,,"9612 Church Avenue, BROOKLYN, NY, 11212",9612 Church Avenue,BROOKLYN,NY,11212,(718) 922-0927,http://www.brooklynpubliclibrary.org,Mon: 10:00 AM - 6:00 PM; Tue: 1:00 PM - 8:00 PM; Wed: 10:00 AM - 6:00 PM; Thu: 10:00 AM- 8:00 PM; Fri: 10:00 AM - 6:00 PM; Sat: 10:00 AM - 5:00 PM,,,Computers,,,,,,,40.655828,-73.914999
East Flushing Library,"The Queens Public Library provides all residents of Queens with access to books, research, and other materials and programs.",,"196-36 Northern Boulevard, FLUSHING, NY, 11358",196-36 Northern Boulevard,FLUSHING,NY,11358,(718) 357-6643,http://www.queenslibrary.org,Mon: 12:00 PM - 8:00 PM; Tue: 1:00 PM - 6:00 PM; Wed: 10:00 AM - 6:00 PM; Thu: 12:00 PM - 8:00 PM; Fri: 10:00 AM - 6:00 PM; Sat: 10:00 AM - 5:00 PM,,,"Computers, Early Childhood Discussions, English Classes, Poetry Readings, Senior Programs",,,,,,,40.762695,-73.833275
Eastchester Library,Bronx branch of the New York Public Library system.,,"1385 East Gun hill Road, BRONX, NY, 10469",1385 East Gun hill Road,BRONX,NY,10469,(718) 653-3292,http://www.nypl.org,Mon - Thu: 10:00 AM - 7:00 PM; Fri - Sat: 10:00 AM - 5:00 PM,,,Early Childhood Discussions,,,,,,,40.870096,-73.845158
Eastern Parkway Adult Learning Center Library,Eastern Parkway Adult Learning Center branch of the Brooklyn Public Library system.,,"1044 Eastern Parkway, BROOKLYN, NY, 11213",1044 Eastern Parkway,BROOKLYN,NY,11213,(718) 778-9330,http://www.brooklynpubliclibrary.org,Mon: 10:00 AM - 5:00 PM; Tue: 1:00 PM - 8:00 PM; Wed: 10:00 AM - 5:00 PM; Thu: 1:00 PM - 8:00 PM; Sat: 10:00 AM - 2:00 PM,,,"Adult Literacy, Computers",,,,,,,40.668551,-73.933656
Eastern Parkway Library,Eastern Parkway branch of the Brooklyn Public Library system.,,"1044 Eastern Parkway, BROOKLYN, NY, 11213",1044 Eastern Parkway,BROOKLYN,NY,11213,(718) 953-4225,http://www.brooklynpubliclibrary.org,Mon: 10:00 AM - 6:00 PM; Tue: 1:00 PM - 8:00 PM; Wed: 10:00 AM - 6:00 PM; Thu: 10:00 AM - 8:00 PM Fri: 10:00 AM - 6:00 PM; Sat: 10:00 AM - 5:00 PM,,,Computers,,,,,,,40.668551,-73.933656
Edenwald Library,Bronx branch of the New York Public Library system.,,"1255 East 233rd Street, BRONX, NY, 10466",1255 East 233rd Street,BRONX,NY,10466,(718) 798-3355,http://www.nypl.org,Mon - Thu: 10:00 AM - 7:00 PM; Fri - Sat: 10:00 AM - 5:00 PM,,,"Early Childhood Discussions, Senior Programs",,,,,,,40.888798,-73.840824
Elmhurst Library,"The Queens Public Library provides all residents of Queens with access to books, research, and other materials and programs.",,"86-01 Broadway, ELMHURST, NY, 11373",86-01 Broadway,ELMHURST,NY,11373,(718) 271-1020,http://www.queenslibrary.org,Mon: 10:00 AM - 8:00 PM; Tue: 1:00 PM - 6:00 PM; Wed: 10:00 AM - 8:00 PM; Thu: 1:00 PM - 8:00 PM; Fri: 10:00 AM - 6:00 PM; Sat: 10:00 AM - 5:30 PM,,,"Adult Literacy, Computers, Early Childhood Discussions, English Classes, Poetry Readings, Senior Programs",,,,,,,40.738439,-73.876938
Epiphany Library,Manhattan branch of the New York Public Library system.,,"228 East 23rd Street, NEW YORK, NY, 10010",228 East 23rd Street,NEW YORK,NY,10010,(212) 679-2645,http://www.nypl.org,Mon: 12:00 PM - 7:00 PM; Tue: 10:00 AM - 6:00 PM; Wed: 12:00 PM - 7:00 PM; Thu: 10:00 AM - 6:00 PM;  Fri - Sat: 10:00 AM - 5:00 PM,,,"Computers, Early Childhood Discussions, Senior Programs",,,,,,,40.738166,-73.981974
Far Rockaway Library,"The Queens Public Library provides all residents of Queens with access to books, research, and other materials and programs.",,"1637 Central Avenue, FAR ROCKAWAY, NY, 11691",1637 Central Avenue,FAR ROCKAWAY,NY,11691,(718) 327-2549,http://www.queenslibrary.org,Mon: 9:00 AM - 8:00 PM; Tue: 1:00 PM - 6:00 PM; Wed: 10:00 AM - 6:00 PM; Thu: 12:00 PM - 8:00 PM; Fri: 10:00 AM - 6:00 PM; Sat: 10:00 AM - 5:00 PM,,,"Computers, Early Childhood Discussions, English Classes, Poetry Readings, Senior Programs",,,,,,,40.599546,-73.750523
Flatbush Adult Learning Center,Flatbush Adult Learning Center branch of the Brooklyn Public Library system.,,"22 Linden Boulevard, BROOKLYN, NY, 11226",22 Linden Boulevard,BROOKLYN,NY,11226,(718) 856-2631,http://www.brooklynpubliclibrary.org,Mon: 10:00 AM - 5:00 PM; Tue: 1:00 PM - 8:00 PM; Wed: 10:00 AM - 5:00 PM; Thu: 1:00 PM - 8:00 PM; Sat: 10:00 AM - 2:00 PM,,,"Adult Literacy, Computers",,,,,,,40.652026,-73.95824
Flatbush Library,Flatbush branch of the Brooklyn Public Library system.,,"22 Linden Boulevard, BROOKLYN, NY, 11226",22 Linden Boulevard,BROOKLYN,NY,11226,(718) 856-0813,http://www.brooklynpubliclibrary.org,Mon: 10:00 AM - 6:00 PM; Tue: 1:00 PM - 8:00 PM; Wed - Fri: 10:00 AM - 6:00 PM; Sat: 10:00 AM - 5:00 PM,,,"Adult Literacy, Computers",,,,,,,40.652026,-73.95824
Flatlands Library,Flatlands branch of the Brooklyn Public Library system.,,"2065 Flatbush Avenue, BROOKLYN, NY, 11234",2065 Flatbush Avenue,BROOKLYN,NY,11234,(718) 253-4409,http://www.brooklynpubliclibrary.org,Mon: 10:00 AM - 6:00 PM; Tue: 1:00 PM - 8:00 PM; Wed: 10:00 AM - 6:00 PM; Thu: 10:00 AM - 8:00 PM; Fri: 10:00 AM - 6:00 PM; Sat: 10:00 AM - 5:00 PM,,,"Computers, Early Childhood Discussions",,,,,,,40.619655,-73.933389
Flushing Library,"The Queens Public Library provides all residents of Queens with access to books, research, and other materials and programs.",,"41-17 Main Street, FLUSHING, NY, 11355",41-17 Main Street,FLUSHING,NY,11355,(718) 661-1200,http://www.queenslibrary.org,Mon - Thu: 9:00 AM - 9:00 PM; Fri: 9:00 AM - 7:00 PM; Sat: 10:00 AM - 5:00 PM; Sun: 12:00 PM - 5:00 PM,,,"Adult Literacy, Computers, Early Childhood Discussions, English Classes, Poetry Readings, Senior Programs",,,,,,,40.757971,-73.829118
Forest Hills Library,"The Queens Public Library provides all residents of Queens with access to books, research, and other materials and programs.",,"108-19 71st Avenue, FOREST HILLS, NY, 11375",108-19 71st Avenue,FOREST HILLS,NY,11375,(718) 268-7934,http://www.queenslibrary.org,Mon: 9:00 AM - 8:00 PM; Tue: 1:00 PM - 6:00 PM; Wed: 10:00 AM - 6:00 PM; Thu: 12:00 PM - 8:00 PM; Fri: 10:00 AM - 6:00 PM; Sat: 10:00 AM - 5:00 PM,,,"Computers, Early Childhood Discussions, English Classes, Poetry Readings, Senior Programs",,,,,,,40.722119,-73.843032
Fort Hamilton Library,Fort Hamilton branch of the Brooklyn Public Library system.,,"9424 Fourth Avenue, BROOKLYN, NY, 11209",9424 Fourth Avenue,BROOKLYN,NY,11209,(718) 748-6919,http://www.brooklynpubliclibrary.org,Mon: 10:00 AM - 6:00 PM; Tue: 1:00 PM - 8:00 PM; Wed: 10:00 AM - 8:00 PM; Thu: 10:00 AM - 8:00 PM; Fri: 10:00 AM - 6:00 PM; Sat: 10:00 AM - 5:00 PM,,,"Computers, Early Childhood Discussions",,,,,,,40.638318,-73.940748
Fort Washington Library,Manhattan branch of the New York Public Library system.,,"535 West 179th Street, NEW YORK, NY, 10033",535 West 179th Street,NEW YORK,NY,10033,(212) 927-3533,http://www.nypl.org,Mon: 10:00 AM - 6:00 PM; Tue: 12:00 PM - 7:00 PM; Wed: 10:00 AM - 6:00 PM; Thu: 12:00 PM - 7:00 PM; Fri - Sat: 10:00 AM - 5:00 PM,,,"Early Childhood Discussions, English Classes",,,,,,,40.847786,-73.933921
Francis Martin Regional Library,Bronx branch of the New York Public Library system.,,"2150 University Avenue, BRONX, NY, 10453",2150 University Avenue,BRONX,NY,10453,(718) 295-5287,http://www.nypl.org,Mon - Thu: 10:00 AM - 7:00 PM; Fri - Sat: 10:00 AM - 5:00 PM,,,"Computers, Early Childhood Discussions",,,,,,,40.857455,-73.909312
Fresh Meadows Library,"The Queens Public Library provides all residents of Queens with access to books, research, and other materials and programs.",,"193-20 Horace Harding Expressway, FRESH MEADOWS, NY, 11365",193-20 Horace Harding Expressway,FRESH MEADOWS,NY,11365,(718) 454-7272,http://www.queenslibrary.org,Mon: 9:00 AM - 8:00 PM; Tue: 1:00 PM - 6:00 PM; Wed: 10:00 AM - 6:00 PM; Thu: 12:00 PM - 8:00 PM; Fri: 10:00 AM - 6:00 PM; Sat: 10:00 AM - 5:00 PM,,,"Computers, Early Childhood Discussions, English Classes, Poetry Readings, Senior Programs",,,,,,,40.741667,-73.782348
George Bruce Library,Manhattan branch of the New York Public Library system.,,"518 West 125th Street, NEW YORK, NY, 10027",518 West 125th Street,NEW YORK,NY,10027,(212) 662-9727,http://www.nypl.org,Mon: 12:00 PM - 7:00 PM; Tue: 11:00 AM - 6:00 PM; Wed: 12:00 PM - 7:00 PM; Thu: 11:00 AM - 6:00 PM; Fri - Sat: 10:00 AM - 5:00 PM,,,"Computers, Early Childhood Discussions",,,,,,,40.813823,-73.956897
Gerristen Beach Library,Gerritsen Beach branch of the Brooklyn Public Library system. ,,"2808 Gerritsen Avenue, BROOKLYN, NY, 11229",2808 Gerritsen Avenue,BROOKLYN,NY,11229,(718) 368-1435,http://www.brooklynpubliclibrary.org,Mon: 10:00 AM - 6:00 PM; Tue: 1:00 PM - 8:00 PM; Wed: 10:00 AM - 6:00 PM; Thu: 10:00 AM - 8:00 PM; Fri: 10:00 AM - 6:00 PM; Sat: 10:00 AM - 5:00 PM,,,"Computers, Early Childhood Discussions",,,,,,,40.591472,-73.923877
Glen Oaks Library,"The Queens Public Library provides all residents of Queens with access to books, research, and other materials and programs.",,"256-04 Union Turnpike, GLEN OAKS, NY, 11104",256-04 Union Turnpike,GLEN OAKS,NY,11104,(718) 831-8636,http://www.queenslibrary.org,Mon: 12:00 PM - 8:00 PM; Tue: 1:00 PM - 6:00 PM; Wed: 10:00 AM - 6:00 PM; Thu: 12:00 PM - 8:00 PM; Fri: 10:00 AM - 6:00 PM; Sat: 10:00 AM - 5:00 PM,,,"Computers, Early Childhood Discussions, English Classes, Poetry Readings, Senior Programs",,,,,,,40.755011,-73.686608
Glendale Library,"The Queens Public Library provides all residents of Queens with access to books, research, and other materials and programs.",,"78-60 73rd Place, RIDGEWOOD, NY, 11385",78-60 73rd Place,RIDGEWOOD,NY,11385,(718) 821-4980,http://www.queenslibrary.org,Mon: 12:00 PM - 8:00 PM; Tue: 1:00 PM - 6:00 PM; Wed: 10:00 AM - 6:00 PM; Thu: 12:00 PM - 8:00 PM; Fri: 10:00 AM - 6:00 PM; Sat: 10:00 AM - 5:00 PM,,,"Computers, Early Childhood Discussions, English Classes, Poetry Readings, Senior Programs",,,,,,,40.706547,-73.907482
Grand Army Plaza Central Library,Central branch of the Brooklyn Public Library system.,,"Grand Army Plaza, BROOKLYN, NY, 11238",Grand Army Plaza,BROOKLYN,NY,11238,(718) 230-2100,http://www.brooklynpubliclibrary.org,Mon - Thu: 9:00 AM - 9:00 PM; Fri - Sat: 10:00 AM - 6:00 PM; Sun: 1:00 PM - 5:00 PM,,,"Adult Literacy, Computers, Early Childhood Discussions, English Classes, Poetry Readings",,,,,,,40.673564,-73.968551
Grand Central Library,Manhattan branch of the New York Public Library system.,,"135 East 46th Street, NEW YORK, NY, 10017",135 East 46th Street,NEW YORK,NY,10017,(212) 621-0670,http://www.nypl.org,Mon - Tue: 10:00 AM - 6:00 PM; Wed - Fri: 11:00 AM - 6:00 PM; Sat: 10:00 AM - 5:00 PM,,,,,,,,,,40.753847,-73.973585
Grand Concourse Library,Bronx branch of the New York Public Library system.,,"155 East 173rd Street, BRONX, NY, 10457",155 East 173rd Street,BRONX,NY,10457,(718) 583-6611,http://www.nypl.org,Mon: 10:00 AM - 8:00 PM; Tue: 10:00 AM - 7:00 PM; Wed: 10:00 AM -8:00 PM; Thu: 10:00 AM - 7:00 PM; Fri - Sat: 10:00 AM - 5:00 PM; Sun: 1:00 PM - 5:00 PM,,,Early Childhood Discussions,,,,,,,40.843904,-73.910025
Gravesend Library,Gravesend branch of the Brooklyn Public Library system.,,"303 Avenue X, BROOKLYN, NY, 11223",303 Avenue X,BROOKLYN,NY,11223,(718) 382-5792,http://www.brooklynpubliclibrary.org,Mon: 10:00 AM - 6:00 PM; Tue: 1:00 PM - 8:00 PM; Wed: 10:00 AM - 6:00 PM; Thu: 10:00 AM - 8:00 PM; Fri: 10:00 AM - 6:00 PM; Sat: 10:00 AM - 5:00 PM,,,Computers,,,,,,,40.590488,-73.97188
Great Kills Library,Staten Island branch of the New York Public Library system. ,,"56 Giffords Lane, STATEN ISLAND, NY, 10308",56 Giffords Lane,STATEN ISLAND,NY,10308,(718) 984-6670,http://www.nypl.org,Mon - Thu: 11:00 PM - 7:00 PM; Fri - Sat: 10:00 AM - 5:00 PM,,,Early Childhood Discussions,,,,,,,40.552441,-74.151023
Greenpoint Library,Greenpoint branch of the Brooklyn Public Library system.,,"107 Norman Avenue, BROOKLYN, NY, 11222",107 Norman Avenue,BROOKLYN,NY,11222,(718) 349-8504,http://www.brooklynpubliclibrary.org,Mon: 10:00 AM - 6:00 PM; Tue -Thu: 10:00 AM - 8:00 PM; Fri: 10:00 AM - 6:00 PM; Sat: 10:00 AM - 5:00 PM,,,"Adult Literacy, Computers, Early Childhood Discussions",,,,,,,40.725959,-73.950757
Hamilton Fish Park Library,Manhattan branch of the New York Public Library system.  ,,"415 East Houston Street, NEW YORK, NY, 10021",415 East Houston Street,NEW YORK,NY,10021,(212) 673-2290,http://www.nypl.org,Mon: 10:00 AM - 6:00 PM; Tue: 12:00 PM - 7:00 PM; Wed: 10:00 AM - 6:00 PM; Thu: 12:00 PM - 7:00 PM; Fri - Sat: 10:00 AM - 5:00 PM,,,"Adult Literacy, Computers, Early Childhood Discussions",,,,,,,40.719894,-73.97935
Hamilton George Library,Manhattan branch of the New York Public Library system.  ,,"503 West 145th Street, NEW YORK, NY, 10031",503 West 145th Street,NEW YORK,NY,10031,(212) 926-2147,http://www.nypl.org,Mon: 11:00 AM - 7:00 PM; Tue: 11:00 AM - 6:00 PM; Wed: 11:00 AM - 7:00 PM; Thu: 11:00 AM - 6:00 PM; Fri - Sat: 10:00 AM - 5:00 PM,,,Early Childhood Discussions,,,,,,,40.825744,-73.947999
Harlem Center for Reading and Writing,Manhattan branch of the New York Public Library system.,,"9 West 124th Street, NEW YORK, NY, 10027",9 West 124th Street,NEW YORK,NY,10027,(212) 369-2714,http://www.nypl.org,"Mon, Wed: 10:00 AM - 8:00 PM",,,Adult Literacy,,,,,,,40.806171,-73.943329
Harlem Library,Manhattan branch of the New York Public Library system.,,"9 West 124th Street, NEW YORK, NY, 10027",9 West 124th Street,NEW YORK,NY,10027,(212) 348-5620,http://www.nypl.org,Mon: 11:00 AM - 6:00 PM; Tue: 12:00 PM - 7:00 PM; Wed: 11:00 AM - 6:00 PM; Thu: 12:00 PM - 7:00 PM; Fri - Sat: 10:00 AM - 5:00 PM,,,,,,,,,,40.806171,-73.943329
High Bridge Library,Bronx branch of the New York Public Library system.,,"78 West 168th Street, BRONX, NY, 10452",78 West 168th Street,BRONX,NY,10452,(718) 293-7800,http://www.nypl.org,Mon - Thu: 10:00 AM - 7:00 PM; Fri - Sat: 10:00 AM - 5:00 PM,,,Early Childhood Discussions,,,,,,,40.838056,-73.923437
Highlawn Library,Highlawn branch of the Brooklyn Public Library system.,,"1664 West 13th Street, BROOKLYN, NY, 11223",1664 West 13th Street,BROOKLYN,NY,11223,(718) 234-7208,http://www.brooklynpubliclibrary.org,Mon: 10:00 AM - 6:00 PM; Tue: 10:00 AM - 8:00 PM; Wed: 10:00 AM - 6:00 PM; Thu: 1:00 PM - 8:00 PM; Fri: 10:00 AM - 6:00 PM; Sat: 10:00 AM - 5:00 PM,,,"Adult Literacy, Computers, Early Childhood Discussions",,,,,,,40.605767,-73.986163
Hillcrest Library,"The Queens Public Library provides all residents of Queens with access to books, research, and other materials and programs.",,"187-05 Union Turnpike, FRESH MEADOWS, NY, 11366",187-05 Union Turnpike,FRESH MEADOWS,NY,11366,(718) 454-2786,http://www.queenslibrary.org,Mon: 9:00 AM - 8:00 PM; Tue: 1:00 PM - 6:00 PM; Wed: 10:00 AM - 6:00 PM; Thu: 12:00 PM - 8:00 PM; Fri: 10:00 AM - 6:00 PM; Sat: 10:00 AM - 5:00 PM,,,"Computers, Early Childhood Discussions, English Classes, Poetry Readings, Senior Programs",,,,,,,40.731606,-73.771429
Hollis Library,"The Queens Public Library provides all residents of Queens with access to books, research, and other materials and programs.",,"202-05 Hillside Avenue, HOLLIS, NY, 11423",202-05 Hillside Avenue,HOLLIS,NY,11423,(718) 465-7355,http://www.queenslibrary.org,Mon: 12:00 PM - 8:00 PM; Tue: 1:00 PM - 6:00 PM; Wed: 10:00 AM - 6:00 PM; Thu: 12:00 PM - 8:00 PM; Fri: 10:00 AM - 6:00 PM; Sat: 10:00 AM - 5:00 PM,,,"Computers, Early Childhood Discussions, English Classes, Poetry Readings, Senior Programs",,,,,,,40.713095,-73.767075
Homecrest Library,Homecrest branch of the Brooklyn Public Library system.,,"2525 Coney Island Avenue, BROOKLYN, NY, 11223",2525 Coney Island Avenue,BROOKLYN,NY,11223,(718) 382-5924,http://www.brooklynpubliclibrary.org,Mon: 10:00 AM - 6:00 PM; Tue: 10:00 AM - 8:00 PM; Wed: 1:00 PM - 6:00 PM; Thu: 10:00 AM - 8:00 PM; Fri: 10:00 AM - 6:00 PM; Sat: 10:00 AM - 5:00 PM,,,"Computers, Early Childhood Discussions",,,,,,,40.595224,-73.960748
Howard Beach Library,"The Queens Public Library provides all residents of Queens with access to books, research, and other materials and programs.",,"92-06 156th Avenue, HOWARD BEACH, NY, 11414",92-06 156th Avenue,HOWARD BEACH,NY,11414,(718) 641-7086,http://www.queenslibrary.org,Mon: 12:00 PM - 8:00 PM; Tue: 1:00 PM - 6:00 PM; Wed: 10:00 AM - 6:00 PM; Thu: 12:00 PM - 8:00 PM; Fri: 10:00 AM - 6:00 PM; Sat: 10:00 AM - 5:00 PM,,,"Computers, Early Childhood Discussions, English Classes, Poetry Readings, Senior Programs",,,,,,,40.657764,-73.835106
Hudson Park Library,Manhattan branch of the New York Public Library system.  ,,"66 Leroy Street, NEW YORK, NY, 10014",66 Leroy Street,NEW YORK,NY,10014,(212) 243-6876,http://www.nypl.org,Mon: 11:00 AM - 6:00 PM; Tue: 12:00 PM - 7:00 PM; Wed: 11:00 AM - 6:00 PM; Thu: 12:00 PM - 7:00 PM;  Fri - Sat: 10:00 AM - 5:00 PM,,,Early Childhood Discussions,,,,,,,40.730052,-74.005321
Hugenot Park Library,Staten Island branch of the New York Public Library system. ,,"830 Huguenot Avenue, STATEN ISLAND, NY, 10312",830 Huguenot Avenue,STATEN ISLAND,NY,10312,(718) 984-4636,http://www.nypl.org,Mon: 10:00 AM - 7:00 PM; Tue: 10:00 AM - 6:00 PM; Wed: 10:00 AM - 7:00 PM; Thu: 11:00 AM - 8:00 PM; Fri - Sat: 10:00 AM - 5:00 PM,,,"Early Childhood Discussions, Senior Programs",,,,,,,40.534131,-74.193182
Humanities and Social Sciences Library,"Manhattan - research collection of the New York Public Library system, covering the humanities and social sciences.",,"476 5th Avenue, NEW YORK, NY, 10018",476 5th Avenue,NEW YORK,NY,10018,(212) 930-0830,http://www.nypl.org,"Mon: 10:00 AM - 6:00 PM; Tue, Wed: 10:00 AM - 9:00 PM; Thu - Sat: 10:00 AM - 6:00 PM; Sun: 1:00 PM - 5:00 PM",,,"Computers, Poetry Readings",,,,,,,40.75333,-73.982233
Hunt's Point Regional Library,Bronx branch of the New York Public Library system.,,"877 Southern Boulevard, BRONX, NY, 10459",877 Southern Boulevard,BRONX,NY,10459,(718) 617-0338,http://www.nypl.org,Mon - Thu: 10:00 AM - 7:00 PM; Fri - Sat: 10:00 AM - 5:00 PM,,,"Computers, Early Childhood Discussions, English Classes",,,,,,,40.818636,-73.894072
International Resource Center Library,"The Queens Public Library provides all residents of Queens with access to books, research, and other materials and programs.",,"41-17 Main Street, FLUSHING, NY, 11355",41-17 Main Street,FLUSHING,NY,11355,(718) 661-1229,http://www.queenslibrary.org,Mon - Sat: 9:00 AM - 9:00 PM,,,Computers,,,,,,,40.757971,-73.829118
Inwood Library,Manhattan branch of the New York Public Library system.,,"4790 Broadway, NEW YORK, NY, 10034",4790 Broadway,NEW YORK,NY,10034,(212) 942-2445,http://www.nypl.org,Mon: 11:00 AM - 7:00 PM; Tue: 11:00 AM - 6:00 PM; Wed: 11:00 AM - 7:00 PM; Thu: 11:00 AM - 6:00 PM; Fri - Sat: 10:00 AM - 5:00 PM,,,"Computers, Early Childhood Discussions, English Classes, Senior Programs",,,,,,,40.865837,-73.925923
Jackson Heights Library,"The Queens Public Library provides all residents of Queens with access to books, research, and other materials and programs.",,"35-51 81st Street, JACKSON HEIGHTS, NY, 11372",35-51 81st Street,JACKSON HEIGHTS,NY,11372,(718) 899-2500,http://www.queenslibrary.org,Mon: 9:00 AM - 8:00 PM; Tue: 1:00 PM - 6:00 PM; Wed: 10:00 AM - 6:00 PM; Thu: 12:00 PM - 8:00 PM; Fri: 10:00 AM - 6:00 PM; Sat: 10:00 AM - 5:00 PM,,,"Computers, Early Childhood Discussions, English Classes, Poetry Readings, Senior Programs",,,,,,,40.750081,-73.885188
Jamaica Bay Library,Jamaica Bay branch of the Brooklyn Public Library system.,,"9727 Seaview Avenue, BROOKLYN, NY, 11236",9727 Seaview Avenue,BROOKLYN,NY,11236,(718) 241-3571,http://www.brooklynpubliclibrary.org,Mon - Tue: 10:00 AM - 6:00 PM; Wed: 1:00 PM - 8:00 PM; Thu: 10:00 AM - 8:00 PM; Fri: 10:00 AM - 6:00 PM; Sat: 10:00 AM - 5:00 PM,,,Computers,,,,,,,40.634402,-73.889287
Jefferson Market Regional Library,Manhattan branch of the New York Public Library system.  ,,"425 Avenue of Americas, NEW YORK, NY, 10011",425 Avenue of Americas,NEW YORK,NY,10011,(212) 243-4334,http://www.nypl.org,Mon: 10:00 AM - 8:00 PM; Tue: 11:00 AM - 6:00 PM; Wed: 10:00 AM - 8:00 PM; Thu: 11:00 AM - 6:00 PM; Fri - Sat: 10:00 AM - 5:00 PM,,,"Computers, Early Childhood Discussions, Poetry Readings, Senior Programs",,,,,,,40.664912,-73.895946
Jerome Park Library,Bronx branch of the New York Public Library system.,,"118 Eames Place, BRONX, NY, 10468",118 Eames Place,BRONX,NY,10468,(718) 549-5200,http://www.nypl.org,Mon: 12:00 PM - 8:00 PM; Tue - Thu: 10:00 AM - 7:00 PM; Fri - Sat: 10:00 AM - 5:00 PM,,,Early Childhood Discussions,,,,,,,40.86915,-73.901166
Kensington Library,Kensington branch of the Brooklyn Public Library system.,,"4207 18th Avenue, BROOKLYN, NY, 11218",4207 18th Avenue,BROOKLYN,NY,11218,(718) 436-0545,http://www.brooklynpubliclibrary.org,Mon: 10:00 AM - 6:00 PM; Tue: 10:00 AM - 8:00 PM; Wed: 10:00 AM - 6:00 PM; Thu: 1:00 PM - 8:00 PM; Fri: 10:00 AM - 6:00 PM; Sat: 10:00 AM - 5:00 PM,,,"Adult Literacy, Computers",,,,,,,40.631226,-73.975435
Kew Gardens Hills Library,"The Queens Public Library provides all residents of Queens with access to books, research, and other materials and programs.",,"72-33 Vleigh Place, FLUSHING, NY, 11367",72-33 Vleigh Place,FLUSHING,NY,11367,(718) 261-6654,http://www.queenslibrary.org,Mon: 1:00 PM - 8:00 PM; Tue: 1:00 PM - 6:00 PM; Wed: 10:00 AM - 6:00 PM; Thu: 1:00 PM - 8:00 PM; Fri: 10:00 AM - 6:00 PM,,,"Computers, Early Childhood Discussions, English Classes, Poetry Readings, Senior Programs",,,,,,,40.75559,-73.81188
Kings Bay Library,Kings Bay branch of the Brooklyn Public Library system.,,"3650 Nostrand Avenue, BROOKLYN, NY, 11229",3650 Nostrand Avenue,BROOKLYN,NY,11229,(718) 368-1709,http://www.brooklynpubliclibrary.org,Mon: 10:00 AM - 6:00 PM; Tue: 10:00 AM - 8:00 PM; Wed: 10:00 AM - 6:00 PM; Thu: 1:00 PM - 8:00 PM; Fri: 10:00 AM - 6:00 PM; Sat: 10:00 AM - 5:00 PM,,,"Adult Literacy, Computers, Early Childhood Discussions",,,,,,,40.594948,-73.94102
Kings Highway Library,Kings Highway branch of the Brooklyn Public Library system.,,"2115 Ocean Avenue, BROOKLYN, NY, 11229",2115 Ocean Avenue,BROOKLYN,NY,11229,(718) 375-3037,http://www.brooklynpubliclibrary.org,Mon: 10:00 AM - 6:00 PM; Tue - Thu: 10:00 AM - 8:00 PM; Fri: 10:00 AM - 6:00 PM; Sat: 10:00 AM - 5:00 PM; Sun: 1:00 PM - 5:00 PM,,,"Computers, Early Childhood Discussions",,,,,,,40.61028,-73.953251
Kingsbridge Regional Library,Bronx branch of the New York Public Library system.,,"280 West 231st Street, BRONX, NY, 10463",280 West 231st Street,BRONX,NY,10463,(718) 548-5656,http://www.nypl.org,Mon: 10:00 AM - 8:00 PM; Tue: 10:00 AM - 7:00 PM; Wed: 10:00 AM - 8:00 PM; Thu: 10:00 AM - 7:00 PM; Fri - Sat: 10:00 AM - 5:00 PM,,,"Computers, Early Childhood Discussions, English Classes, Poetry Readings, Senior Programs",,,,,,,40.880297,-73.907978
Kips Bay Library,Manhattan branch of the New York Public Library system.  ,,"446 Third Avenue, NEW YORK, NY, 10016",446 Third Avenue,NEW YORK,NY,10016,(212) 683-2520,http://www.nypl.org,Mon: 11:00 AM - 6:00 PM; Tue: 12:00 PM - 7:00 PM; Wed: 11:00 AM - 6:00 PM; Thu: 12:00 PM - 7:00 PM; Fri - Sat: 10:00 AM - 5:00 PM,,,Early Childhood Discussions,,,,,,,40.664912,-73.895946
Langston Hughes Library,"The Queens Public Library provides all residents of Queens with access to books, research, and other materials and programs.",,"100-01 Northern Boulevard, CORONA, NY, 11368",100-01 Northern Boulevard,CORONA,NY,11368,(718) 651-1100,http://www.queenslibrary.org,Mon: 9:00 AM - 8:00 PM; Tue: 1:00 PM - 6:00 PM; Wed: 10:00 AM - 6:00 PM; Thu: 12:00 PM - 8:00 PM; Fri: 10:00 AM - 6:00 PM; Sat: 10:00 AM - 5:00 PM,,,"Computers, Early Childhood Discussions, English Classes, Poetry Readings, Senior Programs",,,,,,,40.758248,-73.850874
Laurelton Library,"The Queens Public Library provides all residents of Queens with access to books, research, and other materials and programs.",,"134-26 225th Street, SPRINGFIELD GARDENS, NY, 11413",134-26 225th Street,SPRINGFIELD GARDENS,NY,11413,(718) 528-2822,http://www.queenslibrary.org,Mon: 12:00 PM - 8:00 PM; Tue: 1:00 PM - 6:00 PM; Wed: 10:00 AM - 6:00 PM; Thu: 12:00 PM - 8:00 PM; Fri: 10:00 AM - 6:00 PM; Sat: 10:00 AM - 5:00 PM,,,"Computers, Early Childhood Discussions, English Classes, Poetry Readings, Senior Programs",,,,,,,40.660773,-73.755393
Lefferts Library,"The Queens Public Library provides all residents of Queens with access to books, research, and other materials and programs.",,"103-34 Lefferts Boulevard, SOUTH RICHMOND HILL, NY, 11419",103-34 Lefferts Boulevard,SOUTH RICHMOND HILL,NY,11419,(718) 843-5950,http://www.queenslibrary.org,Mon: 9:00 AM - 8:00 PM; Tue: 1:00 PM - 6:00 PM; Wed: 10:00 AM - 6:00 PM; Thu: 12:00 PM - 8:00 PM; Fri: 10:00 AM - 6:00 PM; Sat: 10:00 AM - 5:00 PM,,,"Computers, Early Childhood Discussions, English Classes, Poetry Readings, Senior Programs",,,,,,,40.692136,-73.826097
Lefrak City Library,"The Queens Public Library provides all residents of Queens with access to books, research, and other materials and programs.",,"98-30 57th Avenue, CORONA, NY, 11368",98-30 57th Avenue,CORONA,NY,11368,(718) 592-7677,http://www.queenslibrary.org,Mon: 12:00 PM - 8:00 PM; Tue: 1:00 PM - 6:00 PM; Wed: 10:00 AM - 6:00 PM; Thu: 12:00 PM - 8:00 PM; Fri: 10:00 AM - 6:00 PM; Sat: 10:00 AM - 5:00 PM,,,"Computers, Early Childhood Discussions, English Classes, Poetry Readings, Senior Programs",,,,,,,40.737473,-73.861252
Leonard Library,Leonard branch of the Brooklyn Public Library system.,,"81 Devoe Street, BROOKLYN, NY, 11211",81 Devoe Street,BROOKLYN,NY,11211,(718) 486-6006,http://www.brooklynpubliclibrary.org,Mon: 10:00 AM - 6:00 PM; Tue: 1:00 PM - 8:00 PM; Wed: 10:00 AM - 6:00 PM; Thu: 10:00 AM - 8:00 PM; Fri: 10:00 AM - 6:00 PM; Sat: 10:00 AM - 5:00 PM,,,"Computers, Early Childhood Discussions",,,,,,,40.713575,-73.947929
Long Island City Library,"The Queens Public Library provides all residents of Queens with access to books, research, and other materials and programs.",,"37-44 21st Street, LONG ISLAND CITY, NY, 11101",37-44 21st Street,LONG ISLAND CITY,NY,11101,(718) 752-3700,http://www.queenslibrary.org,Mon: 9:00 AM - 8:00 PM; Tue: 1:00 PM - 6:00 PM; Wed: 10:00 AM - 6:00 PM; Thu: 12:00 PM - 8:00 PM; Fri: 10:00 AM - 6:00 PM; Sat: 10:00 AM - 5:00 PM,,,Computers,,,,,,,40.753453,-73.9364
Macomb's Bridge Library,Manhattan branch of the New York Public Library system. Includes a small African American experience collection.,,"2650 Adam Clayton Powell Jr Boulevard, NEW YORK, NY, 10039",2650 Adam Clayton Powell Jr Boulevard,NEW YORK,NY,10039,(212) 281-4900,http://www.nypl.org,Mon: 12:00 PM - 7:00 PM; Tue - Thu: 11:00 AM - 6:00 PM; Fri - Sat: 10:00 AM - 5:00 PM,,,Early Childhood Discussions,,,,,,,40.826538,-73.935845
Macon Library,Macon branch of the Brooklyn Public Library system.,,"361 Lewis Avenue, BROOKLYN, NY, 11233",361 Lewis Avenue,BROOKLYN,NY,11233,(718) 573-5606,http://www.brooklynpubliclibrary.org,Mon: 10:00 AM - 6:00 PM; Tue - Thu: 10:00 AM - 8:00 PM; Fri: 10:00 AM - 6:00 PM; Sat: 10:00 AM - 5:00 PM; Sun: 1:00 PM - 5:00 PM,,,Computers,,,,,,,40.682989,-73.934904
Mapleton Library,Mapleton branch of the Brooklyn Public Library system.,,"1702 60th Street, BROOKLYN, NY, 11204",1702 60th Street,BROOKLYN,NY,11204,(718) 256-2117,http://www.brooklynpubliclibrary.org,Mon - Tue: 10:00 AM - 6:00 PM; Wed: 10:00 AM - 8:00 PM; Thu: 1:00 PM - 8:00 PM; Fri: 10:00 AM - 6:00 PM; Sat: 10:00 AM - 5:00 PM; Sun: 1:00 PM - 5:00 PM,,,Computers,,,,,,,40.623039,-73.98943
Marcy Library,Marcy branch of the Brooklyn Public Library system.,,"617 DeKalb Avenue, BROOKLYN, NY, 11216",617 DeKalb Avenue,BROOKLYN,NY,11216,(718) 935-0032,http://www.brooklynpubliclibrary.org,Mon - Fri: 8:00 AM - 1:00 PM; Sat: 9:00 AM - 1:00 PM,,,Computers,,,,,,,40.691501,-73.951274
Maspeth Library,"The Queens Public Library provides all residents of Queens with access to books, research, and other materials and programs.",,"69-70 Grand Avenue, MASPETH, NY, 11378",69-70 Grand Avenue,MASPETH,NY,11378,(718) 639-5228,http://www.queenslibrary.org,Mon: 12:00 PM - 8:00 PM; Tue: 1:00 PM - 6:00 PM; Wed: 10:00 AM - 6:00 PM; Thu: 12:00 PM - 8:00 PM; Fri: 10:00 AM - 6:00 PM; Sat: 10:00 AM - 5:00 PM,,,"Computers, Early Childhood Discussions, English Classes, Poetry Readings, Senior Programs",,,,,,,40.727087,-73.89314
McGoldrick Library,"The Queens Public Library provides all residents of Queens with access to books, research, and other materials and programs.",,"155-06 Roosevelt Avenue, FLUSHING, NY, 11354",155-06 Roosevelt Avenue,FLUSHING,NY,11354,(718) 461-1616,http://www.queenslibrary.org,Mon: 1:00 PM - 8:00 PM; Tue: 1:00 PM - 6:00 PM; Wed: 10:00 AM - 6:00 PM; Thu: 1:00 PM - 8:00 PM; Fri: 10:00 AM - 6:00 PM,,,"Computers, Early Childhood Discussions, English Classes, Poetry Readings, Senior Programs",,,,,,,40.763866,-73.809871
McKinley Park Library,McKinley Park branch of the Brooklyn Public Library system. ,,"6802 Fort Hamilton Parkway, BROOKLYN, NY, 11219",6802 Fort Hamilton Parkway,BROOKLYN,NY,11219,(718) 748-8001,http://www.brooklynpubliclibrary.org,Mon - Tue: 10:00 AM - 6:00 PM; Wed: 1:00 PM - 8:00 PM; Thu: 10:00 AM - 8:00 PM; Fri: 10:00 AM - 6:00 PM; Sat: 10:00 AM - 5:00 PM,,,"Adult Literacy, Computers",,,,,,,40.629176,-74.011853
Melrose Library,Bronx branch of the New York Public Library system.,,"910 Morris Avenue, BRONX, NY, 10451",910 Morris Avenue,BRONX,NY,10451,(718) 588-0110,http://www.nypl.org,Mon - Thu: 10:00 AM - 7:00 PM; Fri - Sat: 10:00 AM - 5:00 PM,,,"Early Childhood Discussions, English Classes",,,,,,,40.826627,-73.917694
Mid Manhattan Library,Manhattan branch of the New York Public Library system.,,"455 5th Avenue, NEW YORK, NY, 10016",455 5th Avenue,NEW YORK,NY,10016,(212) 340-0863,http://www.nypl.org,Mon - Thu: 8:00 AM - 11:00 PM; Fri: 8:00 AM - 8:00 PM; Sat - Sun: 10:00 AM - 6:00 PM,,,"Computers, Poetry Readings, Senior Programs",,,,,,,40.751945,-73.981776
Middle Village Library,"The Queens Public Library provides all residents of Queens with access to books, research, and other materials and programs.",,"72-31 Metropolitan Avenue, MIDDLE VILLAGE, NY, 11379",72-31 Metropolitan Avenue,MIDDLE VILLAGE,NY,11379,(718) 326-1390,http://www.queenslibrary.org,Mon: 12:00 PM - 8:00 PM; Tue: 1:00 PM - 6:00 PM; Wed: 10:00 AM - 6:00 PM; Thu: 12:00 PM - 8:00 PM; Fri: 10:00 AM - 6:00 PM; Sat: 10:00 AM - 5:00 PM,,,"Computers, Early Childhood Discussions, English Classes, Poetry Readings, Senior Programs",,,,,,,40.715747,-73.879265
Midwood Library,Midwood branch of the Brooklyn Public Library system.,,"975 East 16th Street, BROOKLYN, NY, 11230",975 East 16th Street,BROOKLYN,NY,11230,(718) 252-0967,http://www.brooklynpubliclibrary.org,Mon: 10:00 AM - 6:00 PM; Tue: 10:00 AM - 8:00 PM; Wed: 10:00 AM - 6:00 PM; Thu: 10:00 AM - 8:00 PM; Fri: 10:00 AM - 6:00 PM; Sun: 1:00 PM - 5:00 PM,,,"Adult Literacy, Computers, Early Childhood Discussions",,,,,,,40.625907,-73.960401
Mill Basin Library,Mill Basin branch of the Brooklyn Public Library system.,,"2385 Ralph Avenue, BROOKLYN, NY, 11230",2385 Ralph Avenue,BROOKLYN,NY,11230,(718) 241-3973,http://www.brooklynpubliclibrary.org,Mon - Fri: 8:00 AM - 1:00 PM; Sat: 9:00 AM - 1:00 PM,,,"Computers, Early Childhood Discussions",,,,,,,40.619894,-73.917098
Mitchell-Linden Library,"The Queens Public Library provides all residents of Queens with access to books, research, and other materials and programs.",,"29-42 Union Street, FLUSHING, NY, 11354",29-42 Union Street,FLUSHING,NY,11354,(718) 539-2330,http://www.queenslibrary.org,Mon: 12:00 PM - 8:00 PM; Tue: 1:00 PM - 6:00 PM; Wed: 10:00 AM - 6:00 PM; Thu: 12:00 PM - 8:00 PM; Fri: 10:00 AM - 6:00 PM; Sat: 10:00 AM - 5:00 PM,,,"Computers, Early Childhood Discussions, English Classes, Poetry Readings, Senior Programs",,,,,,,40.771125,-73.82678
Morningside Heights Library,Manhattan branch of the New York Public Library system.,,"2900 Broadway, NEW YORK, NY, 10025",2900 Broadway,NEW YORK,NY,10025,(212) 864-2530,http://www.nypl.org,Mon - Thu: 10:00 AM - 7:00 PM; Fri - Sat: 10:00 AM - 5:00 PM,,,"Computers, Early Childhood Discussions",,,,,,,40.806165,-73.964916
Morris Park Library,Bronx branch of the New York Public Library system.,,"985 Morris Park Avenue, BRONX, NY, 10462",985 Morris Park Avenue,BRONX,NY,10462,(718) 931-0636,http://www.nypl.org,Mon - Thu: 10:00 AM - 7:00 PM; Fri - Sat: 10:00 AM - 5:00 PM,,,"Adult Literacy, Early Childhood Discussions, Senior Programs",,,,,,,40.848027,-73.856816
Morrisania Library,Bronx branch of the New York Public Library system.,,"610 East 169th Street, BRONX, NY, 10456",610 East 169th Street,BRONX,NY,10456,(718) 589-9268,http://www.nypl.org,Mon - Thu: 10:00 AM - 7:00 PM; Fri - Sat: 10:00 AM - 5:00 PM,,,"Early Childhood Discussions, English Classes",,,,,,,40.831336,-73.901794
Mosholu Library,Bronx branch of the New York Public Library system.,,"285 East 205th Street, BRONX, NY, 10467",285 East 205th Street,BRONX,NY,10467,(718) 882-8239,http://www.nypl.org,"Mon: 10:00 AM - 8:00 PM; Tue - Thu: 10:00 AM - 7:00 PM; Fri, Sat: 10:00 AM - 5:00 PM",,,Early Childhood Discussions,,,,,,,40.874349,-73.878421
Mott Haven Library,Bronx branch of the New York Public Library system.,,"321 East 140th Street, BRONX, NY, 10454",321 East 140th Street,BRONX,NY,10454,(718) 665-4878,http://www.nypl.org,Mon - Thu: 10:00 AM - 7:00 PM; Fri - Sat: 10:00 AM - 5:00 PM,,,"Adult Literacy, Computers, Early Childhood Discussions",,,,,,,40.811581,-73.924372
Muhlenberg Library,Manhattan branch of the New York Public Library system.  ,,"209 West 23rd Street, NEW YORK, NY, 10011",209 West 23rd Street,NEW YORK,NY,10011,(212) 924-1585,http://www.nypl.org,Mon: 11:00 AM - 6:00 PM; Tue: 1:00 PM - 8:00 PM; Wed: 11:00 AM - 6:00 PM; Thu: 1:00 PM - 8:00 PM; Fri - Sat: 10:00 AM - 5:00 PM,,,"Computers, Early Childhood Discussions, English Classes",,,,,,,40.744494,-73.995934
Mulberry Street Library,Manhattan branch of the New York Public Library system. ,,"10 Jersey Street, NEW YORK, NY, 10012",10 Jersey Street,NEW YORK,NY,10012,(212) 966-3424,http://www.nypl.org,Mon: 12:00 PM - 7:00 PM; Tue: 10:00 AM - 6:00 PM; Wed: 12:00 PM - 7:00 PM; Thu: 10:00 AM - 6:00 PM; Fri - Sat: 10:00 AM - 5:00 PM,,,Early Childhood Discussions,,,,,,,40.724184,-73.995625
New Amsterdam Library,Manhattan branch of the New York Public Library system.  ,,"9 Murray Street, NEW YORK, NY, 10007",9 Murray Street,NEW YORK,NY,10007,(212) 732-8186,http://www.nypl.org,Mon: 11:00 AM - 7:00 PM; Tue: 10:00 AM - 6:00 PM; Wed: 11:00 AM - 8:00 PM; Thu: 10:00 AM - 6:00 PM; Fri - Sat: 10:00 AM - 5:00 PM,,,Computers,,,,,,,40.713512,-74.007939
New Dorp Regional Library,Staten Island branch of the New York Public Library system. ,,"309 New Dorp Lane, STATEN ISLAND, NY, 10306",309 New Dorp Lane,STATEN ISLAND,NY,10306,(718) 351-2977,http://www.nypl.org,Mon - Wed: 10:00 AM - 7:00 PM; Thu: 11:00 AM - 8:00 PM; Fri - Sat: 10:00 AM - 5:00 PM,,,"Poetry Readings, Senior Programs",,,,,,,40.571788,-74.111973
New Lots Library,New Lots branch of the Brooklyn Public Library system.,,"665 New Lots Avenue, BROOKLYN, NY, 11207",665 New Lots Avenue,BROOKLYN,NY,11207,(718) 649-0311,http://www.brooklynpubliclibrary.org,Mon: 10:00 AM - 6:00 PM; Tue - Thu: 10:00 AM - 8:00 PM; Fri: 10:00 AM - 6:00 PM; Sat: 10:00 AM - 5:00 PM; Sun: 1:00 PM - 5:00 PM,,,Computers,,,,,,,40.66511,-73.886009
New Utrecht Library,New Utrecht branch of the Brooklyn Public Library system. This location is closed for renovation.,,"1743 86th Street, BROOKLYN, NY, 11214",1743 86th Street,BROOKLYN,NY,11214,(718) 236-4086,http://www.brooklynpubliclibrary.org,Mon: 10:00 AM - 6:00 PM; Tue: 1:00 PM - 6:00 PM; Wed - Thu: 1:00 PM - 8:00 PM; Fri: 10:00 AM - 6:00 PM; Sat: 10:00 AM - 5:00 PM,,,"Adult Literacy, Computers",,,,,,,40.60797,-74.003491
New York Library for Performing Arts Library,"Manhattan - research collection of the New York Public Library system, specializing in the performing arts: dance, music, and theatre.",,"40 Lincoln Center Plaza, NEW YORK, NY, 10023",40 Lincoln Center Plaza,NEW YORK,NY,10023,(212) 870-1630,http://www.nypl.org,"Mon: 12:00 PM - 8:00 PM; Tue, Wed: 11:00 AM - 6:00 PM; Thu: 12:00 PM - 8:00 PM; Fri: 11:00 AM - 6:00 PM; Sat: 10:00 AM - 6:00 PM",,,"Computers, Poetry Readings",,,,,,,40.773819,-73.984898
North Forest Park Library,"The Queens Public Library provides all residents of Queens with access to books, research, and other materials and programs.",,"98-27 Metropolitan Avenue, FOREST HILLS, NY, 11375",98-27 Metropolitan Avenue,FOREST HILLS,NY,11375,(718) 261-5512,http://www.queenslibrary.org,Mon: 12:00 PM - 8:00 PM; Tue: 1:00 PM - 6:00 PM; Wed: 10:00 AM - 6:00 PM; Thu: 12:00 PM - 8:00 PM; Fri: 10:00 AM - 6:00 PM; Sat: 10:00 AM - 5:00 PM,,,"Computers, Early Childhood Discussions, English Classes, Poetry Readings, Senior Programs",,,,,,,40.711035,-73.853618
North Hills Library,"The Queens Public Library provides all residents of Queens with access to books, research, and other materials and programs.",,"57-04 Marathon Parkway, LITTLE NECK, NY, 11362",57-04 Marathon Parkway,LITTLE NECK,NY,11362,(718) 225-3550,http://www.queenslibrary.org,Mon: 12:00 PM - 8:00 PM; Tue: 1:00 PM - 6:00 PM; Wed: 10:00 AM - 6:00 PM; Thu: 12:00 PM - 8:00 PM; Fri: 10:00 AM - 6:00 PM; Sat: 10:00 AM - 5:00 PM,,,"Computers, Early Childhood Discussions, English Classes, Poetry Readings, Senior Programs",,,,,,,40.768311,-73.731915
Ottendorfer Library,Manhattan branch of the New York Public Library system. ,,"135 Second Avenue, NEW YORK, NY, 10003",135 Second Avenue,NEW YORK,NY,10003,(212) 674-0947,http://www.nypl.org,Mon: 11:00 AM - 6:00 PM; Tue: 12:00 PM - 7:00 PM; Wed: 11:00 AM - 6:00 PM; Thu: 12:00 PM - 7:00 PM; Fri - Sat: 10:00 AM - 5:00 PM,,,"Early Childhood Discussions, Senior Programs",,,,,,,40.664912,-73.895946
Ozone Park Library,"The Queens Public Library provides all residents of Queens with access to books, research, and other materials and programs.",,"92-24 Rockaway Boulevard, OZONE PARK, NY, 11417",92-24 Rockaway Boulevard,OZONE PARK,NY,11417,(718) 845-3127,http://www.queenslibrary.org,Mon: 1:00 PM - 8:00 PM; Tue: 1:00 PM - 6:00 PM; Wed: 10:00 AM - 6:00 PM; Thu: 1:00 PM - 8:00 PM; Fri: 10:00 AM - 6:00 PM,,,"Computers, Early Childhood Discussions, English Classes, Poetry Readings, Senior Programs",,,,,,,40.681019,-73.846625
Pacific Library,Pacific branch of the Brooklyn Public Library system.,,"25 4th Avenue, BROOKLYN, NY, 11217",25 4th Avenue,BROOKLYN,NY,11217,(718) 638-1531,http://www.brooklynpubliclibrary.org,Mon - Tue: 10:00 AM - 6:00 PM; Wed: 1:00 PM - 8:00 PM; Thu: 10:00 AM - 8:00 PM; Fri: 10:00 AM - 6:00 PM; Sat: 10:00 AM - 5:00 PM,,,"Adult Literacy, Computers",,,,,,,40.68343,-73.978481
Paerdegat Library,Paerdegat branch of the Brooklyn Public Library system.,,"850 East 59th Street, BROOKLYN, NY, 11234",850 East 59th Street,BROOKLYN,NY,11234,(718) 241-3994,http://www.brooklynpubliclibrary.org,Mon: 10:00 AM - 6:00 PM; Tue: 10;00 AM - 8:00 PM; Wed: 1:00 PM - 8:00 PM; Thu - Fri: 10:00 AM - 6:00 PM; Sat: 10:00 AM -5:00 PM,,,Computers,,,,,,,40.63261,-73.920011
Park Slope Library,Park Slope branch of the Brooklyn Public Library system.,,"431 6th Avenue, BROOKLYN, NY, 11215",431 6th Avenue,BROOKLYN,NY,11215,(718) 832-1853,http://www.brooklynpubliclibrary.org,Mon: 10:00 AM - 6:00 PM; Tue: 1:00 PM - 8:00 PM; Wed: 10:00 AM - 8:00 PM; Thu: 10:00 AM - 6:00 PM; Fri: 10:00 AM - 6:00 PM; Sat: 10:00 AM - 5:00 PM,,,"Adult Literacy, Computers, Early Childhood Discussions",,,,,,,40.668221,-73.98343
Parkchester Regional Library,Bronx branch of the New York Public Library system.,,"1985 Westchester Avenue, BRONX, NY, 10462",1985 Westchester Avenue,BRONX,NY,10462,(718) 829-7830,http://www.nypl.org,Mon - Thu: 8:00 AM - 8:00 PM; Fri - Sat: 10:00 AM - 5:00 PM; Sun: 1:00 PM - 5:00 PM,,,,,,,,,,40.83373,-73.858343
Pelham Bay Library,Bronx branch of the New York Public Library system.,,"3060 Middletown Road, BRONX, NY, 10461",3060 Middletown Road,BRONX,NY,10461,(718) 792-6744,http://www.nypl.org,Mon - Thu: 10:00 AM - 7:00 PM; Fri - Sat: 10:00 AM - 5:00 PM,,,Early Childhood Discussions,,,,,,,40.84439,-73.827993
Peninsula Library,"The Queens Public Library provides all residents of Queens with access to books, research, and other materials and programs. Closed for extensive repairs of storm damage.",,"92-25 Rockaway Beach Boulevard, FAR ROCKAWAY, NY, 11693",92-25 Rockaway Beach Boulevard,FAR ROCKAWAY,NY,11693,(718) 634-1110,http://www.queenslibrary.org,Mon: 9:00 AM - 8:00 PM; Tue: 1:00 PM - 6:00 PM; Wed: 10:00 AM - 6:00 PM; Thu: 12:00 PM - 8:00 PM; Fri: 10:00 AM - 6:00 PM; Sat: 10:00 AM - 5:00 PM,,,"Adult Literacy, Computers, Early Childhood Discussions, English Classes, Poetry Readings, Senior Programs",,,,,,,40.599546,-73.750523
Pomonok Library,"The Queens Public Library provides all residents of Queens with access to books, research, and other materials and programs.",,"158-21 Jewel Avenue, FRESH MEADOWS, NY, 11365",158-21 Jewel Avenue,FRESH MEADOWS,NY,11365,(718) 591-4343,http://www.queenslibrary.org,Mon: 12:00 PM - 8:00 PM; Tue: 1:00 PM - 6:00 PM; Wed: 10:00 AM - 6:00 PM; Thu: 12:00 PM - 8:00 PM; Fri: 10:00 AM - 6:00 PM; Sat: 10:00 AM - 5:00 PM,,,"Computers, Early Childhood Discussions, English Classes, Poetry Readings, Senior Programs",,,,,,,40.740449,-73.784886
Poppenhusen Library,"The Queens Public Library provides all residents of Queens with access to books, research, and other materials and programs.",,"121-23 14th Avenue, COLLEGE POINT, NY, 11356",121-23 14th Avenue,COLLEGE POINT,NY,11356,(718) 359-1102,http://www.queenslibrary.org,Mon: 12:00 PM - 8:00 PM; Tue: 1:00 PM - 6:00 PM; Wed: 10:00 AM - 6:00 PM; Thu: 12:00 PM - 8:00 PM; Fri: 10:00 AM - 6:00 PM; Sat: 10:00 AM - 5:00 PM,,,"Computers, Early Childhood Discussions, English Classes, Poetry Readings, Senior Programs",,,,,,,40.786221,-73.846028
Port Richmond Library,Staten Island branch of the New York Public Library system. ,,"75 Bennett Street, STATEN ISLAND, NY, 10302",75 Bennett Street,STATEN ISLAND,NY,10302,(718) 442-0158,http://www.nypl.org,Mon - Wed: 10:00 AM - 7:00 PM; Thu: 12:00 PM - 8:00 PM; Fri - Sat: 10:00 AM - 5:00 PM,,,"Computers, Early Childhood Discussions, English Classes, Senior Programs",,,,,,,40.637513,-74.131153
Queens Borough Library,"The Queens Public Library provides all residents of Queens with access to books, research, and other materials and programs.",,"89-11 Merrick Boulevard, JAMAICA, NY, 11432",89-11 Merrick Boulevard,JAMAICA,NY,11432,(718) 990-0700,http://www.queenslibrary.org,Mon - Fri: 9:00 AM - 9:00 PM; Sat: 10:00 AM - 5:30 PM; Sun: 12:00 PM - 5:00 PM,,,,,,,,,,40.707651,-73.795027
Queens Central Library,"The Queens Public Library provides all residents of Queens with access to books, research, and other materials and programs.",,"89-11 Merrick Boulevard, JAMAICA, NY, 11432",89-11 Merrick Boulevard,JAMAICA,NY,11432,(718) 990-0700,http://www.queenslibrary.org,Sun: 12:00 PM - 5:00 PM; Mon - Thu: 9:00 AM - 9:00 PM; Fri: 9:00 AM - 7:00 PM; Sat: 10:00 AM - 5:00 PM,,,"Adult Literacy, Computers, Early Childhood Discussions, English Classes, Poetry Readings, Senior Programs",,,,,,,40.707651,-73.795027
Queens Job Information Center Library,"Maintains a collection of specialized career and education resources including books, periodicals, newspapers, pamphlets, forms and catalogs.",,"89-11 Merrick Boulevard, JAMAICA, NY, 11432",89-11 Merrick Boulevard,JAMAICA,NY,11432,(718) 990-0746,http://www.queenslibrary.org,Mon - Fri: 9:00 AM - 6:00 PM,,,"Computers, Early Childhood Discussions, English Classes, Poetry Readings, Senior Programs",,,,,,,40.707651,-73.795027
Queens Library Cyber Center Library,"Provides internet access, and electronic access to the resources of the Queens Borough Public Library.  Offers access to the InfoLinQ, WorldLinQ, licensed commercial or research databases, the Internet and general software such as Microsoft Office.",,"89-11 Merrick Boulevard, JAMAICA, NY, 11432",89-11 Merrick Boulevard,JAMAICA,NY,11432,(718) 990-0778,http://www.queenslibrary.org,Mon - Fri: 9:00 AM - 8:45 PM; Sat: 10:00 AM - 5:15 PM; Sun: 12:00 PM - 4:45 PM,,,Computers,,,,,,,40.707651,-73.795027
Queens Village Library,"The Queens Public Library provides all residents of Queens with access to books, research, and other materials and programs.",,"94-11 217th Street, QUEENS VILLAGE, NY, 11428",94-11 217th Street,QUEENS VILLAGE,NY,11428,(718) 776-6800,http://www.queenslibrary.org,Mon: 12:00 PM - 8:00 PM; Tue: 1:00 PM - 6:00 PM; Wed: 10:00 AM - 6:00 PM; Thu: 12:00 PM - 8:00 PM; Fri: 10:00 AM - 6:00 PM; Sat: 10:00 AM - 5:00 PM,,,"Computers, Early Childhood Discussions, English Classes, Poetry Readings, Senior Programs",,,,,,,40.719869,-73.739079
Queensboro Hill Library,"The Queens Public Library provides all residents of Queens with access to books, research, and other materials and programs.",,"60-05 Main Street, FLUSHING, NY, 11355",60-05 Main Street,FLUSHING,NY,11355,(718) 359-8332,http://www.queenslibrary.org,Mon: 12:00 PM - 8:00 PM; Tue: 1:00 PM - 6:00 PM; Wed: 10:00 AM - 6:00 PM; Thu: 12:00 PM - 8:00 PM; Fri: 10:00 AM - 6:00 PM; Sat: 10:00 AM - 5:00 PM,,,"Computers, Early Childhood Discussions, English Classes, Poetry Readings, Senior Programs",,,,,,,40.759515,-73.830113
Red Hook Library,Red Hook branch of the Brooklyn Public Library system. ,,"7 Wolcott Street, BROOKLYN, NY, 11231",7 Wolcott Street,BROOKLYN,NY,11231,(718) 935-0203,http://www.brooklynpubliclibrary.org,Mon: 10:00 AM - 6:00 PM; Tue: 1:00 PM - 8:00 PM; Wed: 10:00 AM - 6:00 PM; Thu: 10:00 AM - 8:00 PM; Fri: 10:00 AM - 6:00 PM; Sat: 10:00 AM - 5:00 PM,,,"Adult Literacy, Computers",,,,,,,40.675354,-74.010262
Rego Park Library,"The Queens Public Library provides all residents of Queens with access to books, research, and other materials and programs.",,"91-41 63rd Drive, REGO PARK, NY, 11374",91-41 63rd Drive,REGO PARK,NY,11374,(718) 459-5140,http://www.queenslibrary.org,Mon: 12:00 PM - 8:00 PM; Tue: 1:00 PM - 6:00 PM; Wed: 10:00 AM - 6:00 PM; Thu: 12:00 PM - 8:00 PM; Fri: 10:00 AM - 6:00 PM; Sat: 10:00 AM - 5:00 PM,,,"Computers, Early Childhood Discussions, English Classes, Poetry Readings, Senior Programs",,,,,,,40.727415,-73.861806
Richmond Hill Library,"The Queens Public Library provides all residents of Queens with access to books, research, and other materials and programs.",,"118-14 Hillside Avenue, RICHMOND HILL, NY, 11418",118-14 Hillside Avenue,RICHMOND HILL,NY,11418,(718) 849-7150,http://www.queenslibrary.org,Mon: 12:00 PM - 8:00 PM; Tue: 1:00 PM - 6:00 PM; Wed: 10:00 AM - 6:00 PM; Thu: 12:00 PM - 8:00 PM; Fri: 10:00 AM - 6:00 PM; Sat: 10:00 AM - 5:00 PM,,,"Computers, Early Childhood Discussions, English Classes, Poetry Readings, Senior Programs",,,,,,,40.700869,-73.831697
Richmondtown Library,Staten Island branch of the New York Public Library system.,,"200 Clarke Avenue, STATEN ISLAND, NY, 10306",200 Clarke Avenue,STATEN ISLAND,NY,10306,(718) 668-0413,http://www.nypl.org,Mon: 12:00 PM - 8:00 PM; Tue - Thu: 10:00 AM - 6:00 PM; Fri - Sat: 10:00 AM - 5:00 PM,,,"Computers, Early Childhood Discussions, Senior Programs",,,,,,,40.566572,-74.138488
Ridgewood Library,"The Queens Public Library provides all residents of Queens with access to books, research, and other materials and programs.",,"20-12 Madison Street, RIDGEWOOD, NY, 11385",20-12 Madison Street,RIDGEWOOD,NY,11385,(718) 821-4770,http://www.queenslibrary.org,Mon: 9:00 AM - 8:00 PM; Tue: 1:00 PM - 6:00 PM; Wed: 10:00 AM - 6:00 PM; Thu: 12:00 PM - 8:00 PM; Fri: 10:00 AM - 6:00 PM; Sat: 10:00 AM - 5:00 PM,,,"Computers, Early Childhood Discussions, English Classes, Poetry Readings, Senior Programs",,,,,,,40.702183,-73.905948
Riverdale Library,Bronx branch of the New York Public Library system.,,"5540 Mosholu Avenue, BRONX, NY, 10471",5540 Mosholu Avenue,BRONX,NY,10471,(718) 549-1212,http://www.nypl.org,Mon - Thu: 10:00 AM - 7:00 PM; Fri - Sat: 10:00 AM - 5:00 PM,,,"Computers, Early Childhood Discussions, Senior Programs",,,,,,,40.903796,-73.902899
Riverside Library,Manhattan branch of the New York Public Library system.,,"127 Amsterdam Avenue, NEW YORK, NY, 10023",127 Amsterdam Avenue,NEW YORK,NY,10023,(212) 870-1810,http://www.nypl.org,Mon: 11:00 AM - 7:00 PM; Tue: 10:00 AM - 6:00 PM; Wed: 11:00 AM - 7:00 PM; Thu: 10:00 AM - 6:00 PM; Fri - Sat: 10:00 AM - 5:00 PM,,,"Early Childhood Discussions, Poetry Readings, Senior Programs",,,,,,,40.774257,-73.984582
Rochdale Village Library,"The Queens Public Library provides all residents of Queens with access to books, research, and other materials and programs.",,"169-09 137th Avenue, JAMAICA, NY, 11434",169-09 137th Avenue,JAMAICA,NY,11434,(718) 723-4440,http://www.queenslibrary.org,Mon: 9:00 AM - 8:00 PM; Tue: 1:00 PM - 6:00 PM; Wed: 10:00 AM - 6:00 PM; Thu: 1:00 PM - 8:00 PM; Fri: 10:00 AM - 6:00 PM; Sat: 10:00 AM - 5:00 PM,,,"Adult Literacy, Computers, Early Childhood Discussions, English Classes, Poetry Readings, Senior Programs",,,,,,,40.70009,-73.795405
Roosevelt Island Library,Manhattan branch of the New York Public Library system.,,"524 Main Street, NEW YORK, NY, 10044",524 Main Street,NEW YORK,NY,10044,(212) 308-6243,http://www.nypl.org,Mon: 10:00 AM - 8:00 PM; Tue: 10:00 AM - 6:00 PM; Wed: 10:00 AM - 8:00 PM; Thu: 10:00 AM - 6:00 PM; Fri - Sat: 10:00 AM - 5:00 PM,,,"Early Childhood Discussions, Senior Programs",,,,,,,40.761249,-73.950258
Rosedale Library,"The Queens Public Library provides all residents of Queens with access to books, research, and other materials and programs.",,"144-20 243rd Street, ROSEDALE, NY, 11422",144-20 243rd Street,ROSEDALE,NY,11422,(718) 528-8490,http://www.queenslibrary.org,Mon: 12:00 PM - 8:00 PM; Tue: 1:00 PM - 6:00 PM; Wed: 10:00 AM - 6:00 PM; Thu: 12:00 PM - 8:00 PM; Fri: 10:00 AM - 6:00 PM; Sat: 10:00 AM - 5:00 PM,,,"Computers, Early Childhood Discussions, English Classes, Poetry Readings, Senior Programs",,,,,,,40.659325,-73.734622
Rugby Library,Rugby branch of the Brooklyn Public Library system.,,"1000 Utica Avenue, BROOKLYN, NY, 11203",1000 Utica Avenue,BROOKLYN,NY,11203,(718) 566-0054,http://www.brooklynpubliclibrary.org,Mon: 10:00 AM - 6:00 PM; Tue: 10:00 AM - 8:00 PM; Wed: 1:00 PM - 8:00 PM; Thu - Fri: 10:00 AM - 6:00 PM; Sat: 10:00 AM - 5:00 PM,,,Computers,,,,,,,40.648637,-73.930248
Ryder Library,Ryder branch of the Brooklyn Public Library system.,,"5902 23rd Avenue, BROOKLYN, NY, 11204",5902 23rd Avenue,BROOKLYN,NY,11204,(718) 331-2962,http://www.brooklynpubliclibrary.org,Mon: 10:00 AM - 6:00 PM; Tue: 10:00 AM - 8:00 PM; Wed: 10:00 AM - 6:00 PM; Thu: 10:00 AM - 8:00 PM; Fri: 10:00 AM - 6:00 PM,,,"Computers, Early Childhood Discussions",,,,,,,40.6159,-73.975878
Saratoga Library,Saratoga branch of the Brooklyn Public Library system.,,"8 Thomas S Boyland Street, BROOKLYN, NY, 11233",8 Thomas S Boyland Street,BROOKLYN,NY,11233,(718) 573-5224,http://www.brooklynpubliclibrary.org,Mon: 10:00 AM - 6:00 PM; Tue: 10:00 AM - 8:00 PM; Wed: 1:00 PM - 8:00 PM; Thu - Fri: 10:00 AM - 6:00 PM; Sat: 10:00 AM - 5:00 PM,,,"Adult Literacy, Computers",,,,,,,40.684812,-73.915055
Schomburg Center for Research Library,New York Public Library research library dedicated to collecting and preserving resources documenting the experiences of peoples of African descent throughout the world. ,,"515 Malcolm X Boulevard, NEW YORK, NY, 10037",515 Malcolm X Boulevard,NEW YORK,NY,10037,(212) 491-2200,http://www.nypl.org,Tue - Thu: 12:00 PM - 8:00 PM; Fri - Sat: 10:00 AM - 6:00 PM,,,"Computers, Poetry Readings, Senior Programs",,,,,,,40.814577,-73.94085
Science Industry and Business Library,"Manhattan - research collection of the New York Public Library system, specializing in science, industry and business.",,"188 Madison Avenue, NEW YORK, NY, 10016",188 Madison Avenue,NEW YORK,NY,10016,(917) 275-6975,http://www.nypl.org,Mon: 11:00 AM - 6:00 PM; Tue - Thu: 10:00 AM - 8:00 PM; Fri - Sat: 10:00 AM - 6:00 PM,,,Computers,,,,,,,40.748089,-73.9829
Seaside Library,"The Queens Public Library provides all residents of Queens with access to books, research, and other materials and programs. ",,"116-15 Rockaway Beach Boulevard, ROCKAWAY PARK, NY, 11694",116-15 Rockaway Beach Boulevard,ROCKAWAY PARK,NY,11694,(718) 634-1876,http://www.queenslibrary.org,Mon: 12:00 PM - 8:00 PM; Tue: 1:00 PM - 6:00 PM; Wed: 10:00 AM - 6:00 PM; Thu: 12:00 PM - 8:00 PM; Fri: 10:00 AM - 6:00 PM; Sat: 10:00 AM - 5:00 PM,,,"Computers, Early Childhood Discussions, English Classes, Poetry Readings, Senior Programs",,,,,,,40.5794,-73.8377
Sedgwick - New York Public Library,Bronx branch of the New York Public Library system.,,"1701 Martin Luther King Jr Boulevard, BRONX, NY, 10453",1701 Martin Luther King Jr Boulevard,BRONX,NY,10453,(718) 731-2074,http://www.nypl.org,Mon - Thu: 10:00 AM - 7:00 PM; Thu: 11:00 AM - 7:00 PM; Fri - Sat: 10:00 AM - 5:00 PM,,,Early Childhood Discussions,,,,,,,40.848783,-73.864416
Seward Park Library,Manhattan branch of the New York Public Library system.,,"192 East Broadway, NEW YORK, NY, 10002",192 East Broadway,NEW YORK,NY,10002,(212) 477-6770,http://www.nypl.org,Mon: 11:00 AM - 8:00 PM; Tue: 10:00 AM - 8:00 PM; Wed: 10:00 AM - 7:00 PM; Thu: 10:00 AM - 8:00 PM; Fri - Sat: 10:00 AM - 5:00 PM,,,Early Childhood Discussions,,,,,,,40.714307,-73.988473
Sheepshead Bay Library,Sheepshead Bay branch of the Brooklyn Public Library system. ,,"2636 East 14th Street, BROOKLYN, NY, 11235",2636 East 14th Street,BROOKLYN,NY,11235,(718) 368-1815,http://www.brooklynpubliclibrary.org,Mon - Tue: 10:00 AM - 6:00 PM; Wed: 10:00 AM - 8:00 PM; Thu: 1:00 PM - 8:00 PM; Fri: 10:00 AM - 6:00 PM; Sat: 10:00 AM - 5:00 PM,,,Computers,,,,,,,40.586977,-73.955281
Soundview Library,Bronx branch of the New York Public Library system.,,"660 Soundview Avenue, BRONX, NY, 10473",660 Soundview Avenue,BRONX,NY,10473,(718) 589-0880,http://www.nypl.org,Mon - Thu: 10:00 AM - 7:00 PM; Fri - Sat: 10:00 AM - 5:00 PM,,,"Early Childhood Discussions, English Classes",,,,,,,40.818621,-73.862906
South Beach Library,Staten Island branch of the New York Public Library system. ,,"21-25 Robin Road, STATEN ISLAND, NY, 10305",21-25 Robin Road,STATEN ISLAND,NY,10305,(718) 816-5834,http://www.nypl.org,Mon - Wed: 10:00 AM - 7:00 PM; Thu: 12:00 PM - 7:00 PM; Fri - Sat: 10:00 AM - 5:00 PM,,,Early Childhood Discussions,,,,,,,40.5956051,-74.0631311
South Hollis Library,"The Queens Public Library provides all residents of Queens with access to books, research, and other materials and programs.",,"204-01 Hollis Avenue, SAINT ALBANS, NY, 11412",204-01 Hollis Avenue,SAINT ALBANS,NY,11412,(718) 465-6779,http://www.queenslibrary.org,Mon: 12:00 PM - 8:00 PM; Tue: 1:00 PM - 6:00 PM; Wed: 10:00 AM - 6:00 PM; Thu: 12:00 PM - 8:00 PM; Fri: 10:00 AM - 6:00 PM; Sat: 10:00 AM - 5:00 PM,,,"Computers, Early Childhood Discussions, English Classes, Poetry Readings, Senior Programs",,,,,,,40.7070,-73.7538
South Jamaica Library,"The Queens Public Library provides all residents of Queens with access to books, research, and other materials and programs.",,"108-41 Guy R. Brewer Boulevard, JAMAICA, NY, 11433",108-41 Guy R. Brewer Boulevard,JAMAICA,NY,11433,(718) 739-4088,http://www.queenslibrary.org,Mon: 12:00 PM - 8:00 PM; Tue: 1:00 PM - 6:00 PM; Wed: 10:00 AM - 6:00 PM; Thu: 12:00 PM - 8:00 PM; Fri: 10:00 AM - 6:00 PM; Sat: 10:00 AM - 5:00 PM,,,"Computers, Early Childhood Discussions, English Classes, Poetry Readings, Senior Programs",,,,,,,40.695597,-73.790314
South Ozone Park Library,"The Queens Public Library provides all residents of Queens with access to books, research, and other materials and programs.",,"128-16 Rockaway Boulevard, SOUTH OZONE PARK, NY, 11420",128-16 Rockaway Boulevard,SOUTH OZONE PARK,NY,11420,(718) 529-1660,http://www.queenslibrary.org,Mon: 12:00 PM - 8:00 PM; Tue: 1:00 PM - 6:00 PM; Wed: 10:00 AM - 6:00 PM; Thu: 12:00 PM - 8:00 PM; Fri: 10:00 AM - 6:00 PM; Sat: 10:00 AM - 5:00 PM,,,"Computers, Early Childhood Discussions, English Classes, Poetry Readings, Senior Programs",,,,,,,40.671225,-73.815343
Spring Creek Library,Spring Creek branch of the Brooklyn Public Library system.,,"12143 Flatlands Avenue, BROOKLYN, NY, 11207",12143 Flatlands Avenue,BROOKLYN,NY,11207,(718) 257-6571,http://www.brooklynpubliclibrary.org,Mon - Tue: 10:00 AM - 6:00 PM; Wed: 1:00 PM - 8:00 PM; Thu: 10:00 AM - 8:00 PM; Fri: 10:00 AM - 6:00 PM; Sat: 10:00 AM - 5:00 PM,,,Computers,,,,,,,40.653269,-73.885777
Spuyten Duyvil Library,Bronx branch of the New York Public Library system.,,"650 West 235th Street, BRONX, NY, 10463",650 West 235th Street,BRONX,NY,10463,(718) 796-1202,http://www.nypl.org,Mon - Thu: 10:00 AM - 7:00 PM; Fri - Sat: 10:00 AM - 5:00 PM,,,Early Childhood Discussions,,,,,,,40.886284,-73.914632
St. Agnes Center for Reading and Writing,Manhattan branch of the New York Public Library system.,,"444 Amsterdam Avenue, NEW YORK, NY, 10024",444 Amsterdam Avenue,NEW YORK,NY,10024,(212) 621-0614,http://www.nypl.org,"Tue, Thu: 11:00 AM - 5:00 PM; Fri: 10:00 AM - 5:00 PM",,,Adult Literacy,,,,,,,40.784792,-73.977345
St. Agnes Library,Manhattan branch of the New York Public Library system.,,"444 Amsterdam Avenue, NEW YORK, NY, 10024",444 Amsterdam Avenue,NEW YORK,NY,10024,(212) 621-0619,http://www.nypl.org,Mon: 11:00 AM - 6:00 PM; Tue: 11:00 AM - 7:00 PM; Wed: 11:00 AM - 6:00 PM; Thu: 12:00 PM - 7:00 PM; Fri - Sat: 10:00 AM - 5:00 PM,,,"Adult Literacy, Computers, Early Childhood Discussions, Poetry Readings, Senior Programs",,,,,,,40.784792,-73.977345
St. Albans Library,"The Queens Public Library provides all residents of Queens with access to books, research, and other materials and programs.",,"191-05 Linden Boulevard, SAINT ALBANS, NY, 11412",191-05 Linden Boulevard,SAINT ALBANS,NY,11412,(718) 528-8196,http://www.queenslibrary.org,Mon: 12:00 PM - 8:00 PM; Tue: 1:00 PM - 6:00 PM; Wed: 10:00 AM - 6:00 PM; Thu: 1:00 PM - 8:00 PM; Fri: 10:00 AM - 6:00 PM; Sat: 10:00 AM - 5:00 PM,,,"Computers, Early Childhood Discussions, English Classes, Poetry Readings, Senior Programs",,,,,,,40.6925,-73.7601
St. George Center for Reading and Writing Library,Staten Island branch of the New York Public Library system.,,"5 Central Avenue, STATEN ISLAND, NY, 10301",5 Central Avenue,STATEN ISLAND,NY,10301,(718) 816-1025,http://www.nypl.org,Mon-Thu: 8:00 AM - 8:00 PM; Fri: 10:00 AM - 5:00 PM; Sat-Sun: 10:00 AM - 5:00 PM,,,"Adult Literacy, Computers",,,,,,,40.641826,-74.076857
St. George Library Center,Staten Island branch of the New York Public Library system.,,"5 Central Avenue, STATEN ISLAND, NY, 10301",5 Central Avenue,STATEN ISLAND,NY,10301,(718) 442-8560,http://www.nypl.org,Mon - Thu: 8:00 AM - 8:00 PM; Fri - Sat: 10:00 AM - 5:00 PM,,,"Adult Literacy, Computers, Early Childhood Discussions, English Classes, Senior Programs",,,,,,,40.641826,-74.076857
Stapleton Library,Staten Island branch of the New York Public Library system.,,"132 Canal Street, STATEN ISLAND, NY, 10304",132 Canal Street,STATEN ISLAND,NY,10304,(718) 727-0427,http://www.nypl.org,Mon: 10:00 AM - 7:00 PM; Tue: 12:00 PM - 8:00 PM; Wed - Thu: 10:00 AM - 7:00 PM; Fri - Sat: 10:00 AM - 5:00 PM,,,Early Childhood Discussions,,,,,,,40.626143,-74.077758
Steinway Library,"The Queens Public Library provides all residents of Queens with access to books, research, and other materials and programs.",,"21-45 31st Street, ASTORIA, NY, 11105",21-45 31st Street,ASTORIA,NY,11105,(718) 728-1965,http://www.queenslibrary.org,Mon: 9:00 AM - 8:00 PM; Tue: 1:00 PM - 6:00 PM; Wed: 10:00 AM - 6:00 PM; Thu: 12:00 PM - 8:00 PM; Fri: 10:00 AM - 6:00 PM; Sat: 10:00 AM - 5:00 PM,,,"Adult Literacy, Computers, Early Childhood Discussions, English Classes, Poetry Readings, Senior Programs",,,,,,,40.776879,-73.909503
Stone Avenue Library,Stone Avenue branch of the Brooklyn Public Library system.,,"581 Mother Gaston Boulevard, BROOKLYN, NY, 11212",581 Mother Gaston Boulevard,BROOKLYN,NY,11212,(718) 485-8347,http://www.brooklynpubliclibrary.org,Mon - Wed: 10:00 AM - 6:00 PM; Thu: 1:00 PM - 8:00 PM; Fri: 10:00 AM - 6:00 PM,,,"Adult Literacy, Computers, Early Childhood Discussions",,,,,,,40.664545,-73.905355
Sunnyside Library,"The Queens Public Library provides all residents of Queens with access to books, research, and other materials and programs.",,"43-06 Greenpoint Avenue, SUNNYSIDE, NY, 11104",43-06 Greenpoint Avenue,SUNNYSIDE,NY,11104,(718) 784-3033,http://www.queenslibrary.org,Mon: 9:00 AM - 8:00 PM; Tue: 1:00 PM - 6:00 PM; Wed: 10:00 AM - 6:00 PM; Thu: 12:00 PM - 8:00 PM; Fri: 10:00 AM - 6:00 PM; Sat: 10:00 AM - 5:00 PM,,,"Computers, Early Childhood Discussions, English Classes, Poetry Readings, Senior Programs",,,,,,,40.740903,-73.9217
Sunset Park Library,Sunset Park branch of the Brooklyn Public Library system.,,"5108 4th Avenue, BROOKLYN, NY, 11220",5108 4th Avenue,BROOKLYN,NY,11220,(718) 567-2806,http://www.brooklynpubliclibrary.org,Mon: 10:00 AM - 6:00 PM; Tue - Thu: 10:00 AM - 8:00 PM; Fri: 10:00 AM - 6:00 PM; Sat: 10:00 AM - 5:00 PM,,,"Adult Literacy, Computers, Early Childhood Discussions",,,,,,,40.645919,-74.013451
Terrence Cardinal Cooke-Cathedral Library,Manhattan branch of the New York Public Library system.,,"560 Lexington Avenue, NEW YORK, NY, 10022",560 Lexington Avenue,NEW YORK,NY,10022,(212) 752-3824,http://www.nypl.org,Mon - Thu: 10:00 AM - 6:00 PM; Fri: 10:00 AM - 5:00 PM,,,Computers,,,,,,,40.756679,-73.972411
Throg's Neck Library,Bronx branch of the New York Public Library system.,,"3025 Cross Bronx Expressway, BRONX, NY, 10465",3025 Cross Bronx Expressway,BRONX,NY,10465,(718) 792-2612,http://www.nypl.org,Mon - Thu: 10:00 AM - 7:00 PM; Fri - Sat: 10:00 AM - 5:00 PM,,,"Computers, Early Childhood Discussions",,,,,,,40.82283,-73.819158
Todt Hill-Westerleigh Library,Staten Island branch of the New York Public Library system.,,"2550 Victory Boulevard, STATEN ISLAND, NY, 10314",2550 Victory Boulevard,STATEN ISLAND,NY,10314,(718) 494-1642,http://www.nypl.org,Mon: 10:00 AM - 7:00 PM; Tue: 11:00 PM - 8:00 PM; Wed - Thu: 10:00 AM - 7:00 PM; Fri - Sat: 10:00 AM - 5:00 PM; Sun: 1:00 PM - 5:00 PM,,,"Computers, Early Childhood Discussions, English Classes, Senior Programs",,,,,,,40.609657,-74.148593
Tompkins Square,Manhattan branch of the New York Public Library system. For general Library information please visit www.nypl.org,,"331 East 10th Street, NEW YORK, NY, 10009",331 East 10th Street,NEW YORK,NY,10009,(212) 228-4747,http://www.nypl.org,Mon: 12:00 PM - 7:00 PM; Tue: 11:00 AM - 6:00 PM; Wed: 12:00 PM - 7:00 PM; Thu: 11:00 AM - 6:00 PM; Fri - Sat: 10:00 AM - 5:00 PM,,,"Adult Literacy, Early Childhood Discussions",,,,,,,40.727284,-73.980423
Tottenville Library,Staten Island branch of the New York Public Library system.,,"7430 Amboy Road, STATEN ISLAND, NY, 10307",7430 Amboy Road,STATEN ISLAND,NY,10307,(718) 984-0945,http://www.nypl.org,Mon: 12:00 PM - 8:00 PM; Tue - Thu: 11:00 AM - 6:00 PM; Fri - Sat: 10:00 AM - 5:00 PM,,,"Computers, Early Childhood Discussions, Senior Programs",,,,,,,40.509575,-74.244129
Tremont Library,Bronx branch of the New York Public Library system.,,"1866 Washington Avenue, BRONX, NY, 10457",1866 Washington Avenue,BRONX,NY,10457,(718) 299-5177,http://www.nypl.org,Mon - Thu: 10:00 AM - 7:00 PM; Fri - Sat: 10:00 AM - 5:00 PM,,,Early Childhood Discussions,,,,,,,40.846059,-73.898443
Ulmer Park Library,Ulmer Park branch of the Brooklyn Public Library system.,,"2602 Bath Avenue, BROOKLYN, NY, 11214",2602 Bath Avenue,BROOKLYN,NY,11214,(718) 265-3443,http://www.brooklynpubliclibrary.org,Mon: 10:00 AM - 6:00 PM; Tue: 1:00 PM - 6:00 PM; Wed: 10:00 AM - 6:00 PM; Thu: 1:00 PM - 8:00 PM; Fri: 10:00 AM - 6:00 PM; Sat: 10:00 AM - 5:00 PM,,,"Adult Literacy, Computers, Early Childhood Discussions",,,,,,,40.592732,-73.9886
Van Cortlandt Library,Bronx branch of the New York Public Library system. ,,"3874 Sedgwick Avenue, BRONX, NY, 10463",3874 Sedgwick Avenue,BRONX,NY,10463,(718) 543-5150,http://www.nypl.org,Mon - Thu: 10:00 AM - 7:00 PM; Fri - Sat: 10:00 AM - 5:00 PM,,,Early Childhood Discussions,,,,,,,40.882824,-73.893898
Van Nest Library,Bronx branch of the New York Public Library system.,,"2147 Barnes Avenue, BRONX, NY, 10462",2147 Barnes Avenue,BRONX,NY,10462,(718) 829-5864,http://www.nypl.org,Mon - Thu: 10:00 AM - 7:00 PM; Fri - Sat: 10:00 AM - 5:00 PM,,,"Early Childhood Discussions, Senior Programs",,,,,,,40.854875,-73.863978
Wakefield Center for Reading and Writing Library,Bronx branch of the New York Public Library system.,,"4100 Lowerre Place, BRONX, NY, 10466",4100 Lowerre Place,BRONX,NY,10466,(718) 994-8782,http://www.nypl.org,"Mon, Wed: 11:30 AM - 8:30 PM",,,"Adult Literacy, Early Childhood Discussions",,,,,,,40.891135,-73.859616
Wakefield Library,Bronx branch of the New York Public Library system.,,"4100 Lowerre Place, BRONX, NY, 10466",4100 Lowerre Place,BRONX,NY,10466,(718) 652-4663,http://www.nypl.org,Mon - Thu: 10:00 AM - 7:00 PM; Fri - Sat: 10:00 AM - 5:00 PM,,,"Adult Literacy, Computers, Early Childhood Discussions",,,,,,,40.891135,-73.859616
Walt Whitman Library,Walt Whitman branch of the Brooklyn Public Library system.,,"93 Saint Edwards Street, BROOKLYN, NY, 11205",93 Saint Edwards Street,BROOKLYN,NY,11205,(718) 935-0244,http://www.brooklynpubliclibrary.org,Mon: 10:00 AM - 6:00 PM; Tue: 10:00 AM - 6:00 PM; Wed: 1:00 PM - 8:00 PM; Thu - Fri: 10:00 AM - 6:00 PM; Sat: 10:00 AM - 5:00 PM,,,Computers,,,,,,,40.694506,-73.977714
Washington Heights Library,Manhattan branch of the New York Public Library system.,,"1000 St. Nicholas Avenue, NEW YORK, NY, 10032",1000 St. Nicholas Avenue,NEW YORK,NY,10032,(212) 923-6054,http://www.nypl.org,Closed for renovation.,,,"Computers, Early Childhood Discussions, English Classes",,,,,,,40.834579,-73.939803
Washington Irving Library,Washington Irving branch of the Brooklyn Public Library system.,,"360 Irving Avenue, BROOKLYN, NY, 11237",360 Irving Avenue,BROOKLYN,NY,11237,(718) 628-8378,http://www.brooklynpubliclibrary.org,Mon - Tue: 10:00 AM - 6:00 PM; Wed; 10:00 AM - 8:00 PM; Thu: 1:00 PM - 8:00 PM; Fri: 10:00 AM - 6:00 PM; Sat: 10:00 AM - 5:00 PM,,,Computers,,,,,,,40.697542,-73.912152
Webster Library,Manhattan branch of the New York Public Library system.,,"1465 York Avenue, NEW YORK, NY, 10021",1465 York Avenue,NEW YORK,NY,10021,(212) 288-5049,http://www.nypl.org,Mon: 11:00 AM - 6:00 PM; Tue: 12:00 PM - 7:00 PM; Wed: 11:00 AM - 6:00 PM; Thu: 12:00 PM - 7:00 PM; Fri - Sat: 10:00 AM - 5:00 PM,,,"Computers, Early Childhood Discussions, Senior Programs",,,,,,,40.77061,-73.951234
West Farms Library,Bronx branch of the New York Public Library system.,,"2085 Honeywell Avenue, BRONX, NY, 10460",2085 Honeywell Avenue,BRONX,NY,10460,(718) 367-5376,http://www.nypl.org,Mon - Thu: 10:00 AM - 7:00 PM; Fri - Sat: 10:00 AM - 5:00 PM,,,"Computers, Early Childhood Discussions",,,,,,,40.844594,-73.88291
West New Brighton Library,Staten Island branch of the New York Public Library system. ,,"976 Castleton Avenue, STATEN ISLAND, NY, 10310",976 Castleton Avenue,STATEN ISLAND,NY,10310,(718) 442-1416,http://www.nypl.org,Mon - Tue: 11:00 AM - 7:00 PM; Wed: 11:00 AM - 8:00 PM; Thu: 11:00 AM - 7:00 PM; Fri - Sat: 10:00 AM - 5:00 PM,,,Early Childhood Discussions,,,,,,,40.634555,-74.114819
Westchester Square Library,Bronx branch of the New York Public Library system.,,"2521 Glebe Avenue, BRONX, NY, 10461",2521 Glebe Avenue,BRONX,NY,10461,(718) 863-0436,http://www.nypl.org,Mon - Thu: 10:00 AM - 7:00 PM; Fri - Sat: 10:00 AM - 5:00 PM,,,"Early Childhood Discussions, English Classes",,,,,,,40.840822,-73.846692
Whitestone Library,"The Queens Public Library provides all residents of Queens with access to books, research, and other materials and programs.",,"151-10 14th Road, WHITESTONE, NY, 11357",151-10 14th Road,WHITESTONE,NY,11357,(718) 767-8010,http://www.queenslibrary.org,Mon: 12:00 PM - 8:00 PM; Tue: 1:00 PM - 6:00 PM; Wed: 10:00 AM - 6:00 PM; Thu: 12:00 PM - 8:00 PM; Fri: 10:00 AM - 6:00 PM; sAt: 10:00 AM - 5:00 PM,,,"Computers, Early Childhood Discussions, English Classes, Poetry Readings, Senior Programs",,,,,,,40.788582,-73.810672
Williamsburgh Learning Center Library,Williamsburgh Learning Center branch of the Brooklyn Public Library system.,,"240 Division Avenue, BROOKLYN, NY, 11211",240 Division Avenue,BROOKLYN,NY,11211,(718) 302-3485,http://www.brooklynpubliclibrary.org,Mon: 10:00 AM - 6:00 PM; Tue: 1:00 PM - 8:00 PM; Wed - Thu: 1:00 PM - 6:00 PM; Fri: 10:00 AM - 6:00 PM; Sat - Sun: closed,,,Computers,,,,,,,40.706989,-73.957562
Williamsburgh Library,Williamsburgh branch of the Brooklyn Public Library system.,,"240 Division Avenue, BROOKLYN, NY, 11211",240 Division Avenue,BROOKLYN,NY,11211,(718) 302-3485,http://www.brooklynpubliclibrary.org,Mon: 10:00 AM - 6:00 PM; Tue: 1:00 PM - 8:00 PM; Wed: 10:00 AM - 6:00 PM; Thu: 10:00 AM - 8:00 PM; Fri: 10:00 AM - 6:00 PM; Sat: 10:00 AM - 5:00 PM,,,Computers,,,,,,,40.706989,-73.957562
Windsor Park Library,"The Queens Public Library provides all residents of Queens with access to books, research, and other materials and programs.",,"79-50 Bell Boulevard, OAKLAND GARDENS, NY, 11364",79-50 Bell Boulevard,OAKLAND GARDENS,NY,11364,(718) 468-8300,http://www.queenslibrary.org,Mon: 12:00 PM - 8:00 PM; Tue: 1:00 PM - 6:00 PM; Wed: 10:00 AM - 6:00 PM; Thu: 12:00 PM - 8:00 PM; Fri: 10:00 AM - 6:00 PM; Sat: 10:00 AM - 5:00 PM,,,"Computers, Early Childhood Discussions, English Classes, Poetry Readings, Senior Programs",,,,,,,40.75399,-73.76597
Windsor Terrace Library,Windsor Terrace branch of the Brooklyn Public Library system.,,"160 East 5th Street, BROOKLYN, NY, 11218",160 East 5th Street,BROOKLYN,NY,11218,(718) 686-9707,http://www.brooklynpubliclibrary.org,Mon - Tue: 10:00 AM - 6:00 PM; Wed: 1:00 PM - 8:00 PM; Thu; 10:00 AM - 8:00 PM; Fri: 10:00 AM - 6:00 PM; Sat: 10:00 AM - 5:00 PM,,,Computers,,,,,,,40.648795,-73.976738
Woodhaven Library,"The Queens Public Library provides all residents of Queens with access to books, research, and other materials and programs.",,"85-41 Forest Parkway, WOODHAVEN, NY, 11421",85-41 Forest Parkway,WOODHAVEN,NY,11421,(718) 849-1010,http://www.queenslibrary.org,Mon: 12:00 PM - 8:00 PM; Tue: 1:00 PM - 6:00 PM; Wed: 10:00 AM - 6:00 PM; Thu: 12:00 PM - 8:00 PM; Fri: 10:00 AM - 6:00 PM; Sat: 10:00 AM - 5:00 PM,,,"Computers, Early Childhood Discussions, English Classes, Poetry Readings, Senior Programs",,,,,,,40.694529,-73.861525
Woodlawn Heights Library,Bronx branch of the New York Public Library system.,,"4355 Katonah Avenue, BRONX, NY, 10470",4355 Katonah Avenue,BRONX,NY,10470,(718) 519-9627,http://www.nypl.org,Mon - Thu: 10:00 AM - 7:00 PM; Fri - Sat: 10:00 AM - 5:00 PM,,,Early Childhood Discussions,,,,,,,40.900445,-73.867889
Woodlawn Library,Bronx branch of the New York Public Library system.,,"4355 Katonah Avenue, BRONX, NY, 10470",4355 Katonah Avenue,BRONX,NY,10470,(718) 519-9627,http://www.nypl.org,Mon - Thu: 10:00 AM - 7:00 PM; Fri - Sat: 10:00 AM - 5:00 PM,,,Early Childhood Discussions,,,,,,,40.900445,-73.867889
Woodside Library,"The Queens Public Library provides all residents of Queens with access to books, research, and other materials and programs.",,"54-22 Skillman Avenue, WOODSIDE, NY, 11377",54-22 Skillman Avenue,WOODSIDE,NY,11377,(718) 429-4700,http://www.queenslibrary.org,Mon: 12:00 PM - 8:00 PM; Tue: 1:00 PM - 6:00 PM; Wed: 10:00 AM - 6:00 PM; Thu: 1:00 PM - 8:00 PM; Fri: 10:00 AM - 6:00 PM; Sat: 10:00 AM - 5:00 PM,,,"Computers, Early Childhood Discussions, English Classes, Poetry Readings, Senior Programs",,,,,,,40.745383,-73.909756
Yorkville Library,Manhattan branch of the New York Public Library system.,,"222 East 79th Street, NEW YORK, NY, 10021",222 East 79th Street,NEW YORK,NY,10021,(212) 744-5824,http://www.nypl.org,Mon: 12:00 PM - 7:00 PM; Tue: 10:00 AM - 6:00 PM; Wed: 12:00 PM - 7:00 PM; Thu: 10:00 AM - 6:00 PM; Fri - Sat: 10:00 AM - 5:00 PM,,,Early Childhood Discussions,,,,,,,40.773579,-73.956415